id,short_id,external_aid,game_type,points,first_test_points,second_test_points,first_half_points,second_half_points,partner_rule,first_test_drule,first_test_drule_gen,second_test_drule,second_test_drule_gen
sim-777,sim-777,False,solo,16,17,16,17,-1,,1d_b,1d,1d_b,1d
sim-508,sim-508,False,solo,24,24,24,24,0,,2d,2d,2d,2d
sim-896,sim-896,False,solo,16,16,16,16,0,,1d_b,1d,1d_b,1d
sim-923,sim-923,False,solo,16,16,16,16,0,,1d_a,1d,1d_a,1d
sim-034,sim-034,False,solo,17,16,17,16,1,,1d_a,1d,1d_a,1d
sim-484,sim-484,False,solo,24,16,24,16,8,,2d,2d,2d,2d
sim-086,sim-086,False,solo,24,17,24,17,7,,1d_b,1d,2d,2d
sim-751,sim-751,False,solo,16,16,16,16,0,,1d_b,1d,1d_b,1d
sim-355,sim-355,False,solo,24,16,24,16,8,,1d_a,1d,2d,2d
sim-524,sim-524,False,solo,24,24,24,24,0,,2d,2d,2d,2d
sim-185,sim-185,False,solo,16,16,16,16,0,,1d_b,1d,1d_b,1d
sim-810,sim-810,False,solo,24,24,24,24,0,,2d,2d,2d,2d
sim-419,sim-419,False,solo,20,16,20,16,4,,1d_a,1d,2d,2d
sim-616,sim-616,False,solo,17,16,17,16,1,,1d_a,1d,1d_a,1d
sim-683,sim-683,False,solo,17,16,17,16,1,,1d_b,1d,1d_b,1d
sim-502,sim-502,False,solo,16,16,16,16,0,,1d_a,1d,1d_a,1d
sim-761,sim-761,False,solo,16,16,16,16,0,,1d_a,1d,1d_a,1d
sim-050,sim-050,False,solo,16,16,16,16,0,,1d_a,1d,1d_a,1d
sim-733,sim-733,False,solo,24,19,24,19,5,,neither,neither,2d,2d
sim-337,sim-337,False,solo,8,16,8,16,-8,,1d_b,1d,neither,neither
sim-451,sim-451,False,solo,16,16,16,16,0,,1d_b,1d,1d_b,1d
sim-791,sim-791,False,solo,16,16,16,16,0,,1d_b,1d,1d_b,1d
sim-351,sim-351,False,solo,24,24,24,24,0,,2d,2d,2d,2d
sim-468,sim-468,False,solo,24,16,24,16,8,,2d,2d,2d,2d
sim-623,sim-623,False,solo,24,-8,24,-8,32,,neither,neither,2d,2d
sim-477,sim-477,False,solo,24,-5,24,-5,29,,neither,neither,2d,2d
sim-615,sim-615,False,solo,16,16,16,16,0,,1d_b,1d,1d_b,1d
sim-555,sim-555,False,solo,16,24,16,24,-8,,2d,2d,2d,2d
sim-366,sim-366,False,solo,16,16,16,16,0,,1d_b,1d,1d_b,1d
sim-771,sim-771,False,solo,-8,16,-8,16,-24,,2d,2d,neither,neither
sim-631,sim-631,False,solo,24,24,24,24,0,,2d,2d,2d,2d
sim-941,sim-941,False,solo,24,-4,24,-4,28,,neither,neither,2d,2d
sim-798,sim-798,False,solo,16,16,16,16,0,,1d_b,1d,1d_b,1d
sim-497,sim-497,False,solo,24,24,24,24,0,,2d,2d,2d,2d
sim-925,sim-925,False,solo,24,24,24,24,0,,2d,2d,2d,2d
sim-370,sim-370,False,solo,24,24,24,24,0,,2d,2d,2d,2d
sim-597,sim-597,False,solo,16,16,16,16,0,,1d_a,1d,1d_a,1d
sim-721,sim-721,False,solo,24,24,24,24,0,,2d,2d,2d,2d
sim-054,sim-054,False,solo,16,17,16,17,-1,,1d_a,1d,1d_a,1d
sim-427,sim-427,False,solo,24,12,24,12,12,,1d_b,1d,2d,2d
sim-057,sim-057,False,solo,16,16,16,16,0,,1d_b,1d,1d_b,1d
sim-265,sim-265,False,solo,24,24,24,24,0,,2d,2d,2d,2d
sim-773,sim-773,False,solo,24,-4,24,-4,28,,neither,neither,2d,2d
sim-186,sim-186,False,solo,24,20,24,20,4,,2d,2d,2d,2d
sim-467,sim-467,False,solo,24,24,24,24,0,,2d,2d,2d,2d
sim-790,sim-790,False,solo,24,19,24,19,5,,neither,neither,2d,2d
sim-175,sim-175,False,solo,24,24,24,24,0,,2d,2d,2d,2d
sim-151,sim-151,False,solo,24,24,24,24,0,,2d,2d,2d,2d
sim-742,sim-742,False,solo,16,17,16,17,-1,,1d_b,1d,1d_b,1d
sim-114,sim-114,False,solo,24,8,24,8,16,,neither,neither,2d,2d
sim-429,sim-429,False,solo,24,24,24,24,0,,2d,2d,2d,2d
sim-966,sim-966,False,solo,16,16,16,16,0,,1d_a,1d,1d_a,1d
sim-019,sim-019,False,solo,24,19,24,19,5,,neither,neither,2d,2d
sim-190,sim-190,False,solo,16,16,16,16,0,,1d_a,1d,1d_a,1d
sim-415,sim-415,False,solo,16,16,16,16,0,,1d_b,1d,1d_b,1d
sim-590,sim-590,False,solo,24,20,24,20,4,,2d,2d,2d,2d
sim-667,sim-667,False,solo,24,20,24,20,4,,2d,2d,2d,2d
sim-764,sim-764,False,solo,24,16,24,16,8,,1d_b,1d,2d,2d
sim-222,sim-222,False,solo,16,16,16,16,0,,1d_a,1d,1d_a,1d
sim-587,sim-587,False,solo,16,17,16,17,-1,,1d_a,1d,1d_a,1d
sim-582,sim-582,False,solo,24,12,24,12,12,,1d_b,1d,2d,2d
sim-300,sim-300,False,solo,20,23,20,23,-3,,2d,2d,2d,2d
sim-639,sim-639,False,solo,24,24,24,24,0,,2d,2d,2d,2d
sim-387,sim-387,False,solo,20,24,20,24,-4,,2d,2d,2d,2d
sim-365,sim-365,False,solo,24,16,24,16,8,,1d_b,1d,2d,2d
sim-880,sim-880,False,solo,24,24,24,24,0,,2d,2d,2d,2d
sim-335,sim-335,False,solo,24,14,24,14,10,,neither,neither,2d,2d
sim-017,sim-017,False,solo,16,16,16,16,0,,1d_a,1d,1d_a,1d
sim-203,sim-203,False,solo,24,0,24,0,24,,neither,neither,2d,2d
sim-002,sim-002,False,solo,24,24,24,24,0,,2d,2d,2d,2d
sim-039,sim-039,False,solo,16,16,16,16,0,,1d_a,1d,1d_a,1d
sim-291,sim-291,False,solo,16,16,16,16,0,,1d_b,1d,1d_b,1d
sim-494,sim-494,False,solo,16,16,16,16,0,,1d_b,1d,1d_b,1d
sim-248,sim-248,False,solo,24,24,24,24,0,,2d,2d,2d,2d
sim-507,sim-507,False,solo,16,16,16,16,0,,1d_b,1d,1d_b,1d
sim-897,sim-897,False,solo,24,20,24,20,4,,2d,2d,2d,2d
sim-714,sim-714,False,solo,16,16,16,16,0,,1d_a,1d,1d_a,1d
sim-892,sim-892,False,solo,24,24,24,24,0,,2d,2d,2d,2d
sim-077,sim-077,False,solo,24,8,24,8,16,,neither,neither,2d,2d
sim-912,sim-912,False,solo,24,18,24,18,6,,1d_b,1d,2d,2d
sim-793,sim-793,False,solo,24,16,24,16,8,,1d_b,1d,2d,2d
sim-509,sim-509,False,solo,16,16,16,16,0,,1d_b,1d,1d_b,1d
sim-178,sim-178,False,solo,24,24,24,24,0,,2d,2d,2d,2d
sim-843,sim-843,False,solo,24,18,24,18,6,,1d_a,1d,2d,2d
sim-201,sim-201,False,solo,16,16,16,16,0,,1d_b,1d,1d_b,1d
sim-766,sim-766,False,solo,24,16,24,16,8,,2d,2d,2d,2d
sim-910,sim-910,False,solo,16,16,16,16,0,,1d_b,1d,1d_b,1d
sim-294,sim-294,False,solo,24,16,24,16,8,,1d_a,1d,2d,2d
sim-539,sim-539,False,solo,24,24,24,24,0,,2d,2d,2d,2d
sim-025,sim-025,False,solo,16,16,16,16,0,,1d_a,1d,1d_a,1d
sim-695,sim-695,False,solo,24,24,24,24,0,,2d,2d,2d,2d
sim-211,sim-211,False,solo,24,0,24,0,24,,neither,neither,2d,2d
sim-425,sim-425,False,solo,16,16,16,16,0,,1d_a,1d,1d_a,1d
sim-529,sim-529,False,solo,16,16,16,16,0,,1d_b,1d,1d_b,1d
sim-035,sim-035,False,solo,24,24,24,24,0,,2d,2d,2d,2d
sim-929,sim-929,False,solo,24,24,24,24,0,,2d,2d,2d,2d
sim-399,sim-399,False,solo,24,24,24,24,0,,2d,2d,2d,2d
sim-608,sim-608,False,solo,16,16,16,16,0,,1d_b,1d,1d_b,1d
sim-299,sim-299,False,solo,24,16,24,16,8,,2d,2d,2d,2d
sim-849,sim-849,False,solo,24,16,24,16,8,,2d,2d,2d,2d
sim-669,sim-669,False,solo,24,24,24,24,0,,2d,2d,2d,2d
sim-283,sim-283,False,solo,16,16,16,16,0,,1d_b,1d,1d_b,1d
sim-940,sim-940,False,solo,24,20,24,20,4,,neither,neither,2d,2d
sim-945,sim-945,False,solo,16,16,16,16,0,,1d_a,1d,1d_a,1d
sim-607,sim-607,False,solo,16,16,16,16,0,,1d_b,1d,1d_b,1d
sim-960,sim-960,False,solo,16,16,16,16,0,,1d_b,1d,1d_b,1d
sim-935,sim-935,False,solo,16,16,16,16,0,,1d_a,1d,1d_a,1d
sim-732,sim-732,False,solo,24,24,24,24,0,,2d,2d,2d,2d
sim-288,sim-288,False,solo,17,17,17,17,0,,1d_a,1d,1d_a,1d
sim-528,sim-528,False,solo,16,17,16,17,-1,,1d_a,1d,1d_a,1d
sim-808,sim-808,False,solo,16,16,16,16,0,,1d_a,1d,1d_a,1d
sim-230,sim-230,False,solo,21,16,21,16,5,,1d_b,1d,neither,neither
sim-437,sim-437,False,solo,16,16,16,16,0,,1d_a,1d,1d_a,1d
sim-029,sim-029,False,solo,24,24,24,24,0,,2d,2d,2d,2d
sim-375,sim-375,False,solo,24,23,24,23,1,,2d,2d,2d,2d
sim-820,sim-820,False,solo,16,16,16,16,0,,1d_b,1d,1d_b,1d
sim-317,sim-317,False,solo,16,16,16,16,0,,1d_a,1d,1d_a,1d
sim-561,sim-561,False,solo,24,24,24,24,0,,2d,2d,2d,2d
sim-242,sim-242,False,solo,24,24,24,24,0,,2d,2d,2d,2d
sim-150,sim-150,False,solo,16,16,16,16,0,,1d_a,1d,1d_a,1d
sim-517,sim-517,False,solo,16,16,16,16,0,,1d_a,1d,1d_a,1d
sim-418,sim-418,False,solo,16,16,16,16,0,,1d_a,1d,1d_a,1d
sim-661,sim-661,False,solo,24,24,24,24,0,,2d,2d,2d,2d
sim-199,sim-199,False,solo,24,8,24,8,16,,neither,neither,2d,2d
sim-586,sim-586,False,solo,24,20,24,20,4,,2d,2d,2d,2d
sim-326,sim-326,False,solo,24,20,24,20,4,,2d,2d,2d,2d
sim-824,sim-824,False,solo,16,16,16,16,0,,1d_a,1d,1d_a,1d
sim-703,sim-703,False,solo,16,11,16,11,5,,neither,neither,1d_a,1d
sim-950,sim-950,False,solo,16,16,16,16,0,,1d_a,1d,1d_a,1d
sim-516,sim-516,False,solo,16,16,16,16,0,,1d_b,1d,1d_b,1d
sim-865,sim-865,False,solo,24,16,24,16,8,,1d_b,1d,2d,2d
sim-837,sim-837,False,solo,16,16,16,16,0,,1d_a,1d,1d_a,1d
sim-878,sim-878,False,solo,16,16,16,16,0,,1d_b,1d,1d_b,1d
sim-360,sim-360,False,solo,16,16,16,16,0,,1d_a,1d,1d_a,1d
sim-595,sim-595,False,solo,24,8,24,8,16,,neither,neither,2d,2d
sim-789,sim-789,False,solo,16,16,16,16,0,,1d_b,1d,1d_b,1d
sim-189,sim-189,False,solo,24,24,24,24,0,,2d,2d,2d,2d
sim-067,sim-067,False,solo,24,24,24,24,0,,2d,2d,2d,2d
sim-356,sim-356,False,solo,16,16,16,16,0,,1d_b,1d,1d_b,1d
sim-800,sim-800,False,solo,16,16,16,16,0,,1d_b,1d,1d_b,1d
sim-903,sim-903,False,solo,16,16,16,16,0,,1d_a,1d,1d_a,1d
sim-921,sim-921,False,solo,22,16,22,16,6,,1d_b,1d,2d,2d
sim-943,sim-943,False,solo,24,17,24,17,7,,1d_b,1d,2d,2d
sim-331,sim-331,False,solo,16,16,16,16,0,,1d_b,1d,1d_b,1d
sim-728,sim-728,False,solo,16,16,16,16,0,,1d_b,1d,1d_b,1d
sim-397,sim-397,False,solo,16,16,16,16,0,,1d_b,1d,1d_b,1d
sim-464,sim-464,False,solo,16,16,16,16,0,,1d_b,1d,1d_b,1d
sim-394,sim-394,False,solo,24,16,24,16,8,,1d_a,1d,2d,2d
sim-312,sim-312,False,solo,24,24,24,24,0,,2d,2d,2d,2d
sim-681,sim-681,False,solo,24,24,24,24,0,,2d,2d,2d,2d
sim-745,sim-745,False,solo,16,16,16,16,0,,1d_b,1d,1d_b,1d
sim-922,sim-922,False,solo,16,17,16,17,-1,,1d_b,1d,1d_b,1d
sim-462,sim-462,False,solo,24,12,24,12,12,,1d_a,1d,2d,2d
sim-523,sim-523,False,solo,24,24,24,24,0,,2d,2d,2d,2d
sim-632,sim-632,False,solo,16,16,16,16,0,,1d_a,1d,1d_a,1d
sim-491,sim-491,False,solo,24,16,24,16,8,,1d_a,1d,2d,2d
sim-196,sim-196,False,solo,24,24,24,24,0,,2d,2d,2d,2d
sim-257,sim-257,False,solo,16,16,16,16,0,,1d_b,1d,1d_b,1d
sim-694,sim-694,False,solo,24,24,24,24,0,,2d,2d,2d,2d
sim-741,sim-741,False,solo,16,16,16,16,0,,1d_b,1d,1d_b,1d
sim-578,sim-578,False,solo,17,16,17,16,1,,1d_b,1d,1d_b,1d
sim-158,sim-158,False,solo,16,16,16,16,0,,1d_a,1d,1d_a,1d
sim-613,sim-613,False,solo,16,16,16,16,0,,1d_a,1d,1d_a,1d
sim-393,sim-393,False,solo,16,16,16,16,0,,1d_b,1d,1d_b,1d
sim-970,sim-970,False,solo,24,18,24,18,6,,1d_b,1d,2d,2d
sim-689,sim-689,False,solo,24,24,24,24,0,,2d,2d,2d,2d
sim-362,sim-362,False,solo,24,16,24,16,8,,1d_a,1d,2d,2d
sim-817,sim-817,False,solo,16,16,16,16,0,,1d_b,1d,1d_b,1d
sim-402,sim-402,False,solo,16,16,16,16,0,,1d_a,1d,1d_a,1d
sim-093,sim-093,False,solo,24,24,24,24,0,,2d,2d,2d,2d
sim-918,sim-918,False,solo,24,16,24,16,8,,1d_a,1d,2d,2d
sim-490,sim-490,False,solo,24,24,24,24,0,,2d,2d,2d,2d
sim-452,sim-452,False,solo,24,24,24,24,0,,2d,2d,2d,2d
sim-252,sim-252,False,solo,16,17,16,17,-1,,1d_b,1d,1d_b,1d
sim-654,sim-654,False,solo,16,17,16,17,-1,,1d_a,1d,1d_a,1d
sim-770,sim-770,False,solo,24,16,24,16,8,,2d,2d,2d,2d
sim-671,sim-671,False,solo,16,16,16,16,0,,1d_b,1d,1d_b,1d
sim-130,sim-130,False,solo,16,17,16,17,-1,,1d_a,1d,1d_a,1d
sim-638,sim-638,False,solo,16,16,16,16,0,,1d_a,1d,1d_a,1d
sim-992,sim-992,False,solo,16,17,16,17,-1,,1d_b,1d,1d_b,1d
sim-343,sim-343,False,solo,17,16,17,16,1,,1d_a,1d,1d_a,1d
sim-309,sim-309,False,solo,24,24,24,24,0,,2d,2d,2d,2d
sim-137,sim-137,False,solo,24,24,24,24,0,,2d,2d,2d,2d
sim-089,sim-089,False,solo,24,16,24,16,8,,1d_a,1d,2d,2d
sim-328,sim-328,False,solo,24,16,24,16,8,,1d_a,1d,2d,2d
sim-476,sim-476,False,solo,24,24,24,24,0,,2d,2d,2d,2d
sim-982,sim-982,False,solo,16,16,16,16,0,,1d_b,1d,1d_b,1d
sim-851,sim-851,False,solo,16,16,16,16,0,,1d_b,1d,1d_b,1d
sim-893,sim-893,False,solo,24,24,24,24,0,,2d,2d,2d,2d
sim-376,sim-376,False,solo,24,24,24,24,0,,2d,2d,2d,2d
sim-179,sim-179,False,solo,16,16,16,16,0,,1d_a,1d,1d_a,1d
sim-027,sim-027,False,solo,16,16,16,16,0,,1d_a,1d,1d_a,1d
sim-350,sim-350,False,solo,24,16,24,16,8,,1d_a,1d,2d,2d
sim-500,sim-500,False,solo,16,16,16,16,0,,1d_b,1d,1d_b,1d
sim-475,sim-475,False,solo,20,24,20,24,-4,,2d,2d,2d,2d
sim-618,sim-618,False,solo,16,16,16,16,0,,1d_b,1d,1d_b,1d
sim-698,sim-698,False,solo,24,16,24,16,8,,2d,2d,2d,2d
sim-051,sim-051,False,solo,16,16,16,16,0,,1d_b,1d,1d_b,1d
sim-212,sim-212,False,solo,24,24,24,24,0,,2d,2d,2d,2d
sim-382,sim-382,False,solo,16,16,16,16,0,,1d_a,1d,1d_a,1d
sim-884,sim-884,False,solo,24,24,24,24,0,,2d,2d,2d,2d
sim-174,sim-174,False,solo,16,16,16,16,0,,1d_b,1d,1d_b,1d
sim-148,sim-148,False,solo,24,-8,24,-8,32,,neither,neither,2d,2d
sim-420,sim-420,False,solo,24,24,24,24,0,,2d,2d,2d,2d
sim-962,sim-962,False,solo,16,16,16,16,0,,1d_b,1d,1d_b,1d
sim-149,sim-149,False,solo,16,16,16,16,0,,1d_b,1d,1d_b,1d
sim-976,sim-976,False,solo,16,16,16,16,0,,1d_a,1d,1d_a,1d
sim-080,sim-080,False,solo,16,17,16,17,-1,,1d_a,1d,1d_a,1d
sim-776,sim-776,False,solo,16,16,16,16,0,,1d_b,1d,1d_b,1d
sim-303,sim-303,False,solo,16,17,16,17,-1,,1d_b,1d,1d_b,1d
sim-996,sim-996,False,solo,16,16,16,16,0,,1d_b,1d,1d_b,1d
sim-526,sim-526,False,solo,17,16,17,16,1,,1d_b,1d,1d_b,1d
sim-775,sim-775,False,solo,16,16,16,16,0,,1d_a,1d,1d_a,1d
sim-232,sim-232,False,solo,16,16,16,16,0,,1d_b,1d,1d_b,1d
sim-626,sim-626,False,solo,24,24,24,24,0,,2d,2d,2d,2d
sim-801,sim-801,False,solo,16,17,16,17,-1,,1d_b,1d,2d,2d
sim-562,sim-562,False,solo,24,24,24,24,0,,2d,2d,2d,2d
sim-510,sim-510,False,solo,16,16,16,16,0,,1d_a,1d,1d_a,1d
sim-841,sim-841,False,solo,24,24,24,24,0,,2d,2d,2d,2d
sim-495,sim-495,False,solo,16,16,16,16,0,,1d_b,1d,1d_b,1d
sim-120,sim-120,False,solo,24,24,24,24,0,,2d,2d,2d,2d
sim-478,sim-478,False,solo,24,17,24,17,7,,1d_a,1d,2d,2d
sim-145,sim-145,False,solo,24,24,24,24,0,,2d,2d,2d,2d
sim-030,sim-030,False,solo,24,16,24,16,8,,1d_b,1d,2d,2d
sim-911,sim-911,False,solo,24,24,24,24,0,,2d,2d,2d,2d
sim-122,sim-122,False,solo,16,16,16,16,0,,1d_b,1d,1d_b,1d
sim-606,sim-606,False,solo,16,16,16,16,0,,1d_b,1d,1d_b,1d
sim-062,sim-062,False,solo,16,16,16,16,0,,1d_b,1d,1d_b,1d
sim-872,sim-872,False,solo,19,16,19,16,3,,1d_b,1d,neither,neither
sim-573,sim-573,False,solo,24,24,24,24,0,,2d,2d,2d,2d
sim-006,sim-006,False,solo,16,16,16,16,0,,1d_a,1d,1d_a,1d
sim-927,sim-927,False,solo,17,16,17,16,1,,1d_a,1d,1d_a,1d
sim-640,sim-640,False,solo,16,11,16,11,5,,neither,neither,1d_b,1d
sim-440,sim-440,False,solo,24,16,24,16,8,,1d_b,1d,2d,2d
sim-730,sim-730,False,solo,16,16,16,16,0,,1d_a,1d,1d_a,1d
sim-194,sim-194,False,solo,16,16,16,16,0,,1d_b,1d,1d_b,1d
sim-753,sim-753,False,solo,16,16,16,16,0,,1d_a,1d,1d_a,1d
sim-627,sim-627,False,solo,16,16,16,16,0,,1d_a,1d,1d_a,1d
sim-572,sim-572,False,solo,24,8,24,8,16,,neither,neither,2d,2d
sim-018,sim-018,False,solo,24,14,24,14,10,,neither,neither,2d,2d
sim-743,sim-743,False,solo,16,16,16,16,0,,1d_a,1d,1d_a,1d
sim-915,sim-915,False,solo,8,16,8,16,-8,,1d_a,1d,neither,neither
sim-511,sim-511,False,solo,16,17,16,17,-1,,1d_a,1d,1d_a,1d
sim-574,sim-574,False,solo,24,16,24,16,8,,1d_b,1d,2d,2d
sim-139,sim-139,False,solo,17,16,17,16,1,,1d_b,1d,1d_b,1d
sim-192,sim-192,False,solo,24,17,24,17,7,,1d_a,1d,2d,2d
sim-005,sim-005,False,solo,24,16,24,16,8,,1d_a,1d,2d,2d
sim-444,sim-444,False,solo,24,24,24,24,0,,2d,2d,2d,2d
sim-021,sim-021,False,solo,24,20,24,20,4,,2d,2d,2d,2d
sim-214,sim-214,False,solo,16,16,16,16,0,,1d_b,1d,2d,2d
sim-065,sim-065,False,duo,24,24,24,24,0,2d,2d,2d,2d,2d
sim-412,sim-412,False,duo,24,16,24,16,8,2d,1d_b,1d,2d,2d
sim-302,sim-302,False,duo,24,16,24,16,8,2d,1d_a,1d,2d,2d
sim-334,sim-334,False,duo,24,13,24,13,11,2d,1d_a,1d,2d,2d
sim-193,sim-193,False,duo,24,17,24,17,7,2d,1d_a,1d,2d,2d
sim-665,sim-665,False,duo,24,16,24,16,8,2d,1d_a,1d,2d,2d
sim-263,sim-263,False,duo,20,16,20,16,4,2d,1d_b,1d,2d,2d
sim-648,sim-648,False,duo,12,16,12,16,-4,2d,1d_a,1d,neither,neither
sim-811,sim-811,False,duo,24,16,24,16,8,2d,1d_a,1d,2d,2d
sim-233,sim-233,False,duo,24,16,24,16,8,2d,1d_a,1d,2d,2d
sim-796,sim-796,False,duo,24,16,24,16,8,2d,1d_a,1d,2d,2d
sim-682,sim-682,False,duo,24,17,24,17,7,2d,1d_a,1d,2d,2d
sim-805,sim-805,False,duo,24,-8,24,-8,32,2d,neither,neither,2d,2d
sim-483,sim-483,False,duo,24,24,24,24,0,2d,2d,2d,2d,2d
sim-361,sim-361,False,duo,24,17,24,17,7,2d,1d_a,1d,2d,2d
sim-839,sim-839,False,duo,-4,16,-4,16,-20,2d,1d_b,1d,neither,neither
sim-237,sim-237,False,duo,24,20,24,20,4,2d,neither,neither,2d,2d
sim-628,sim-628,False,duo,24,24,24,24,0,2d,2d,2d,2d,2d
sim-958,sim-958,False,duo,24,16,24,16,8,2d,1d_a,1d,2d,2d
sim-583,sim-583,False,duo,24,24,24,24,0,2d,2d,2d,2d,2d
sim-273,sim-273,False,duo,24,24,24,24,0,2d,2d,2d,2d,2d
sim-202,sim-202,False,duo,20,16,20,16,4,2d,1d_b,1d,2d,2d
sim-014,sim-014,False,duo,24,16,24,16,8,2d,1d_a,1d,2d,2d
sim-428,sim-428,False,duo,24,16,24,16,8,2d,1d_b,1d,2d,2d
sim-240,sim-240,False,duo,24,16,24,16,8,2d,1d_b,1d,2d,2d
sim-085,sim-085,False,duo,24,16,24,16,8,2d,1d_b,1d,2d,2d
sim-533,sim-533,False,duo,24,24,24,24,0,2d,2d,2d,2d,2d
sim-173,sim-173,False,duo,24,16,24,16,8,2d,1d_b,1d,2d,2d
sim-290,sim-290,False,duo,20,23,20,23,-3,2d,2d,2d,2d,2d
sim-486,sim-486,False,duo,24,16,24,16,8,2d,1d_b,1d,2d,2d
sim-330,sim-330,False,duo,24,16,24,16,8,2d,1d_a,1d,2d,2d
sim-684,sim-684,False,duo,24,24,24,24,0,2d,2d,2d,2d,2d
sim-319,sim-319,False,duo,24,24,24,24,0,2d,2d,2d,2d,2d
sim-455,sim-455,False,duo,24,16,24,16,8,2d,1d_a,1d,2d,2d
sim-250,sim-250,False,duo,24,16,24,16,8,2d,1d_b,1d,2d,2d
sim-847,sim-847,False,duo,24,16,24,16,8,2d,1d_a,1d,2d,2d
sim-280,sim-280,False,duo,24,16,24,16,8,2d,1d_b,1d,2d,2d
sim-456,sim-456,False,duo,24,24,24,24,0,2d,2d,2d,2d,2d
sim-902,sim-902,False,duo,20,16,20,16,4,2d,1d_b,1d,2d,2d
sim-762,sim-762,False,duo,24,4,24,4,20,2d,neither,neither,2d,2d
sim-548,sim-548,False,duo,24,16,24,16,8,2d,1d_b,1d,2d,2d
sim-181,sim-181,False,duo,24,24,24,24,0,2d,2d,2d,2d,2d
sim-558,sim-558,False,duo,24,16,24,16,8,2d,1d_b,1d,2d,2d
sim-629,sim-629,False,duo,16,17,16,17,-1,2d,1d_a,1d,2d,2d
sim-424,sim-424,False,duo,20,16,20,16,4,2d,1d_b,1d,2d,2d
sim-844,sim-844,False,duo,4,16,4,16,-12,2d,1d_b,1d,neither,neither
sim-011,sim-011,False,duo,24,16,24,16,8,2d,1d_a,1d,2d,2d
sim-200,sim-200,False,duo,24,16,24,16,8,2d,1d_b,1d,2d,2d
sim-426,sim-426,False,duo,24,17,24,17,7,2d,1d_a,1d,2d,2d
sim-535,sim-535,False,duo,24,20,24,20,4,2d,2d,2d,2d,2d
sim-032,sim-032,False,duo,24,16,24,16,8,2d,1d_b,1d,2d,2d
sim-580,sim-580,False,duo,24,16,24,16,8,2d,1d_a,1d,2d,2d
sim-405,sim-405,False,duo,24,17,24,17,7,2d,1d_b,1d,2d,2d
sim-278,sim-278,False,duo,24,16,24,16,8,2d,1d_a,1d,2d,2d
sim-445,sim-445,False,duo,24,0,24,0,24,2d,neither,neither,2d,2d
sim-772,sim-772,False,duo,24,24,24,24,0,2d,2d,2d,2d,2d
sim-373,sim-373,False,duo,24,16,24,16,8,2d,1d_a,1d,2d,2d
sim-723,sim-723,False,duo,24,17,24,17,7,2d,1d_a,1d,2d,2d
sim-401,sim-401,False,duo,24,24,24,24,0,2d,2d,2d,2d,2d
sim-079,sim-079,False,duo,24,16,24,16,8,2d,1d_b,1d,2d,2d
sim-538,sim-538,False,duo,24,16,24,16,8,2d,1d_b,1d,2d,2d
sim-576,sim-576,False,duo,24,18,24,18,6,2d,1d_b,1d,2d,2d
sim-549,sim-549,False,duo,24,16,24,16,8,2d,1d_b,1d,2d,2d
sim-711,sim-711,False,duo,4,16,4,16,-12,2d,1d_b,1d,neither,neither
sim-042,sim-042,False,duo,24,24,24,24,0,2d,2d,2d,2d,2d
sim-886,sim-886,False,duo,24,24,24,24,0,2d,2d,2d,2d,2d
sim-633,sim-633,False,duo,24,16,24,16,8,2d,1d_a,1d,2d,2d
sim-859,sim-859,False,duo,24,16,24,16,8,2d,1d_a,1d,2d,2d
sim-140,sim-140,False,duo,24,16,24,16,8,2d,1d_b,1d,2d,2d
sim-386,sim-386,False,duo,24,24,24,24,0,2d,2d,2d,2d,2d
sim-457,sim-457,False,duo,24,24,24,24,0,2d,2d,2d,2d,2d
sim-933,sim-933,False,duo,24,16,24,16,8,2d,1d_a,1d,2d,2d
sim-814,sim-814,False,duo,24,22,24,22,2,2d,2d,2d,2d,2d
sim-141,sim-141,False,duo,16,16,16,16,0,2d,1d_a,1d,2d,2d
sim-625,sim-625,False,duo,24,18,24,18,6,2d,1d_b,1d,2d,2d
sim-321,sim-321,False,duo,24,22,24,22,2,2d,2d,2d,2d,2d
sim-709,sim-709,False,duo,24,16,24,16,8,2d,1d_a,1d,2d,2d
sim-458,sim-458,False,duo,24,16,24,16,8,2d,1d_b,1d,2d,2d
sim-874,sim-874,False,duo,24,16,24,16,8,2d,1d_a,1d,2d,2d
sim-327,sim-327,False,duo,24,16,24,16,8,2d,1d_a,1d,2d,2d
sim-127,sim-127,False,duo,24,24,24,24,0,2d,2d,2d,2d,2d
sim-133,sim-133,False,duo,24,24,24,24,0,2d,2d,2d,2d,2d
sim-818,sim-818,False,duo,16,18,16,18,-2,2d,1d_a,1d,2d,2d
sim-398,sim-398,False,duo,24,24,24,24,0,2d,2d,2d,2d,2d
sim-916,sim-916,False,duo,8,16,8,16,-8,2d,1d_b,1d,neither,neither
sim-994,sim-994,False,duo,24,16,24,16,8,2d,1d_a,1d,2d,2d
sim-416,sim-416,False,duo,24,24,24,24,0,2d,2d,2d,2d,2d
sim-596,sim-596,False,duo,24,16,24,16,8,2d,1d_a,1d,2d,2d
sim-259,sim-259,False,duo,24,16,24,16,8,2d,1d_a,1d,2d,2d
sim-314,sim-314,False,duo,24,16,24,16,8,2d,1d_a,1d,2d,2d
sim-410,sim-410,False,duo,24,16,24,16,8,2d,1d_b,1d,2d,2d
sim-163,sim-163,False,duo,24,16,24,16,8,2d,1d_b,1d,2d,2d
sim-305,sim-305,False,duo,12,16,12,16,-4,2d,1d_a,1d,neither,neither
sim-287,sim-287,False,duo,24,16,24,16,8,2d,1d_a,1d,2d,2d
sim-645,sim-645,False,duo,24,16,24,16,8,2d,1d_b,1d,2d,2d
sim-636,sim-636,False,duo,24,24,24,24,0,2d,2d,2d,2d,2d
sim-354,sim-354,False,duo,24,24,24,24,0,2d,2d,2d,2d,2d
sim-069,sim-069,False,duo,12,16,12,16,-4,2d,1d_a,1d,neither,neither
sim-679,sim-679,False,duo,24,16,24,16,8,2d,1d_a,1d,2d,2d
sim-834,sim-834,False,duo,24,16,24,16,8,2d,1d_a,1d,2d,2d
sim-936,sim-936,False,duo,24,4,24,4,20,2d,neither,neither,2d,2d
sim-680,sim-680,False,duo,24,4,24,4,20,2d,neither,neither,2d,2d
sim-720,sim-720,False,duo,24,16,24,16,8,2d,1d_a,1d,2d,2d
sim-238,sim-238,False,duo,24,24,24,24,0,2d,2d,2d,2d,2d
sim-266,sim-266,False,duo,24,16,24,16,8,2d,1d_b,1d,2d,2d
sim-091,sim-091,False,duo,24,16,24,16,8,2d,1d_b,1d,2d,2d
sim-836,sim-836,False,duo,24,16,24,16,8,2d,1d_b,1d,2d,2d
sim-863,sim-863,False,duo,24,20,24,20,4,2d,2d,2d,2d,2d
sim-055,sim-055,False,duo,24,17,24,17,7,2d,1d_b,1d,2d,2d
sim-658,sim-658,False,duo,24,16,24,16,8,2d,1d_a,1d,2d,2d
sim-944,sim-944,False,duo,24,24,24,24,0,2d,2d,2d,2d,2d
sim-407,sim-407,False,duo,24,24,24,24,0,2d,2d,2d,2d,2d
sim-381,sim-381,False,duo,24,16,24,16,8,2d,1d_a,1d,2d,2d
sim-125,sim-125,False,duo,24,16,24,16,8,2d,1d_a,1d,2d,2d
sim-492,sim-492,False,duo,24,20,24,20,4,2d,2d,2d,2d,2d
sim-803,sim-803,False,duo,24,16,24,16,8,2d,1d_a,1d,2d,2d
sim-901,sim-901,False,duo,24,17,24,17,7,2d,1d_b,1d,2d,2d
sim-431,sim-431,False,duo,24,12,24,12,12,2d,neither,neither,2d,2d
sim-946,sim-946,False,duo,24,17,24,17,7,2d,1d_b,1d,2d,2d
sim-704,sim-704,False,duo,24,24,24,24,0,2d,2d,2d,2d,2d
sim-295,sim-295,False,duo,24,16,24,16,8,2d,1d_a,1d,2d,2d
sim-879,sim-879,False,duo,24,16,24,16,8,2d,1d_a,1d,2d,2d
sim-213,sim-213,False,duo,20,24,20,24,-4,2d,2d,2d,2d,2d
sim-919,sim-919,False,duo,24,16,24,16,8,2d,1d_b,1d,2d,2d
sim-038,sim-038,False,duo,24,16,24,16,8,2d,1d_b,1d,2d,2d
sim-861,sim-861,False,duo,24,17,24,17,7,2d,1d_a,1d,2d,2d
sim-899,sim-899,False,duo,20,16,20,16,4,2d,1d_b,1d,2d,2d
sim-126,sim-126,False,duo,24,21,24,21,3,2d,neither,neither,2d,2d
sim-024,sim-024,False,duo,24,24,24,24,0,2d,2d,2d,2d,2d
sim-840,sim-840,False,duo,24,23,24,23,1,2d,2d,2d,2d,2d
sim-977,sim-977,False,duo,24,24,24,24,0,2d,2d,2d,2d,2d
sim-102,sim-102,False,duo,24,24,24,24,0,2d,2d,2d,2d,2d
sim-116,sim-116,False,duo,24,16,24,16,8,2d,1d_a,1d,2d,2d
sim-436,sim-436,False,duo,24,16,24,16,8,2d,1d_a,1d,2d,2d
sim-951,sim-951,False,duo,24,24,24,24,0,2d,2d,2d,2d,2d
sim-121,sim-121,False,duo,24,16,24,16,8,2d,1d_a,1d,2d,2d
sim-385,sim-385,False,duo,24,24,24,24,0,2d,2d,2d,2d,2d
sim-048,sim-048,False,duo,24,24,24,24,0,2d,2d,2d,2d,2d
sim-172,sim-172,False,duo,24,24,24,24,0,2d,2d,2d,2d,2d
sim-318,sim-318,False,duo,24,16,24,16,8,2d,1d_b,1d,2d,2d
sim-325,sim-325,False,duo,24,16,24,16,8,2d,1d_a,1d,2d,2d
sim-881,sim-881,False,duo,24,24,24,24,0,2d,2d,2d,2d,2d
sim-264,sim-264,False,duo,24,17,24,17,7,2d,1d_a,1d,2d,2d
sim-146,sim-146,False,duo,24,16,24,16,8,2d,1d_b,1d,2d,2d
sim-044,sim-044,False,duo,24,24,24,24,0,2d,2d,2d,2d,2d
sim-505,sim-505,False,duo,24,16,24,16,8,2d,1d_b,1d,2d,2d
sim-087,sim-087,False,duo,24,16,24,16,8,2d,1d_a,1d,2d,2d
sim-377,sim-377,False,duo,24,24,24,24,0,2d,2d,2d,2d,2d
sim-531,sim-531,False,duo,12,16,12,16,-4,2d,1d_a,1d,neither,neither
sim-985,sim-985,False,duo,24,16,24,16,8,2d,1d_a,1d,2d,2d
sim-852,sim-852,False,duo,24,24,24,24,0,2d,2d,2d,2d,2d
sim-346,sim-346,False,duo,24,16,24,16,8,2d,1d_a,1d,2d,2d
sim-404,sim-404,False,duo,24,16,24,16,8,2d,1d_b,1d,2d,2d
sim-227,sim-227,False,duo,24,16,24,16,8,2d,1d_b,1d,2d,2d
sim-988,sim-988,False,duo,24,20,24,20,4,2d,2d,2d,2d,2d
sim-165,sim-165,False,duo,24,16,24,16,8,2d,1d_b,1d,2d,2d
sim-336,sim-336,False,duo,24,24,24,24,0,2d,2d,2d,2d,2d
sim-601,sim-601,False,duo,24,16,24,16,8,2d,1d_b,1d,2d,2d
sim-917,sim-917,False,duo,24,24,24,24,0,2d,2d,2d,2d,2d
sim-473,sim-473,False,duo,12,16,12,16,-4,2d,1d_b,1d,neither,neither
sim-448,sim-448,False,duo,24,24,24,24,0,2d,2d,2d,2d,2d
sim-108,sim-108,False,duo,24,17,24,17,7,2d,1d_b,1d,2d,2d
sim-857,sim-857,False,duo,24,24,24,24,0,2d,2d,2d,2d,2d
sim-156,sim-156,False,duo,24,12,24,12,12,2d,neither,neither,2d,2d
sim-459,sim-459,False,duo,24,16,24,16,8,2d,1d_a,1d,2d,2d
sim-281,sim-281,False,duo,24,16,24,16,8,2d,1d_a,1d,2d,2d
sim-208,sim-208,False,duo,24,24,24,24,0,2d,2d,2d,2d,2d
sim-155,sim-155,False,duo,24,16,24,16,8,2d,1d_b,1d,2d,2d
sim-588,sim-588,False,duo,24,16,24,16,8,2d,1d_a,1d,2d,2d
sim-758,sim-758,False,duo,24,16,24,16,8,2d,1d_b,1d,2d,2d
sim-986,sim-986,False,duo,24,24,24,24,0,2d,2d,2d,2d,2d
sim-384,sim-384,False,duo,24,16,24,16,8,2d,1d_b,1d,2d,2d
sim-802,sim-802,False,duo,24,16,24,16,8,2d,1d_b,1d,2d,2d
sim-649,sim-649,False,duo,24,17,24,17,7,2d,1d_b,1d,2d,2d
sim-807,sim-807,False,duo,24,16,24,16,8,2d,1d_a,1d,2d,2d
sim-537,sim-537,False,duo,16,16,16,16,0,2d,1d_a,1d,2d,2d
sim-504,sim-504,False,duo,24,16,24,16,8,2d,1d_a,1d,2d,2d
sim-738,sim-738,False,duo,24,24,24,24,0,2d,2d,2d,2d,2d
sim-560,sim-560,False,duo,24,16,24,16,8,2d,1d_b,1d,2d,2d
sim-545,sim-545,False,duo,24,20,24,20,4,2d,2d,2d,2d,2d
sim-357,sim-357,False,duo,24,16,24,16,8,2d,1d_a,1d,2d,2d
sim-207,sim-207,False,duo,24,16,24,16,8,2d,1d_b,1d,2d,2d
sim-889,sim-889,False,duo,16,16,16,16,0,2d,1d_a,1d,2d,2d
sim-612,sim-612,False,duo,16,16,16,16,0,2d,1d_b,1d,2d,2d
sim-712,sim-712,False,duo,24,12,24,12,12,2d,neither,neither,2d,2d
sim-532,sim-532,False,duo,24,16,24,16,8,2d,1d_b,1d,2d,2d
sim-260,sim-260,False,duo,24,20,24,20,4,2d,2d,2d,2d,2d
sim-154,sim-154,False,duo,24,16,24,16,8,2d,1d_a,1d,2d,2d
sim-853,sim-853,False,duo,24,24,24,24,0,2d,2d,2d,2d,2d
sim-064,sim-064,False,duo,24,16,24,16,8,2d,1d_b,1d,2d,2d
sim-435,sim-435,False,duo,24,16,24,16,8,2d,1d_b,1d,2d,2d
sim-340,sim-340,False,duo,12,16,12,16,-4,2d,1d_b,1d,neither,neither
sim-514,sim-514,False,duo,20,16,20,16,4,2d,1d_a,1d,2d,2d
sim-749,sim-749,False,duo,24,16,24,16,8,2d,1d_a,1d,2d,2d
sim-488,sim-488,False,duo,24,24,24,24,0,2d,2d,2d,2d,2d
sim-525,sim-525,False,duo,24,16,24,16,8,2d,1d_a,1d,2d,2d
sim-894,sim-894,False,duo,24,16,24,16,8,2d,1d_b,1d,2d,2d
sim-953,sim-953,False,duo,24,16,24,16,8,2d,1d_a,1d,2d,2d
sim-187,sim-187,False,duo,24,17,24,17,7,2d,1d_b,1d,2d,2d
sim-674,sim-674,False,duo,24,24,24,24,0,2d,2d,2d,2d,2d
sim-344,sim-344,False,duo,24,24,24,24,0,2d,2d,2d,2d,2d
sim-378,sim-378,False,duo,24,17,24,17,7,2d,1d_b,1d,2d,2d
sim-904,sim-904,False,duo,24,20,24,20,4,2d,2d,2d,2d,2d
sim-369,sim-369,False,duo,24,16,24,16,8,2d,1d_b,1d,2d,2d
sim-569,sim-569,False,duo,24,16,24,16,8,2d,1d_a,1d,2d,2d
sim-276,sim-276,False,duo,24,24,24,24,0,2d,2d,2d,2d,2d
sim-691,sim-691,False,duo,24,24,24,24,0,2d,2d,2d,2d,2d
sim-267,sim-267,False,duo,24,16,24,16,8,2d,1d_b,1d,2d,2d
sim-783,sim-783,False,duo,24,24,24,24,0,2d,2d,2d,2d,2d
sim-938,sim-938,False,duo,24,16,24,16,8,2d,1d_b,1d,2d,2d
sim-534,sim-534,False,duo,24,24,24,24,0,2d,2d,2d,2d,2d
sim-023,sim-023,False,duo,24,16,24,16,8,2d,1d_a,1d,2d,2d
sim-543,sim-543,False,duo,24,16,24,16,8,2d,1d_a,1d,2d,2d
sim-098,sim-098,False,duo,24,16,24,16,8,2d,1d_a,1d,2d,2d
sim-296,sim-296,False,duo,24,17,24,17,7,2d,1d_b,1d,2d,2d
sim-461,sim-461,False,duo,24,16,24,16,8,2d,1d_a,1d,2d,2d
sim-198,sim-198,False,duo,24,16,24,16,8,2d,1d_b,1d,2d,2d
sim-708,sim-708,False,duo,4,16,4,16,-12,2d,1d_b,1d,neither,neither
sim-262,sim-262,False,duo,24,24,24,24,0,2d,2d,2d,2d,2d
sim-311,sim-311,False,duo,20,8,20,8,12,2d,neither,neither,2d,2d
sim-980,sim-980,False,duo,24,16,24,16,8,2d,1d_b,1d,2d,2d
sim-161,sim-161,False,duo,24,19,24,19,5,2d,neither,neither,2d,2d
sim-403,sim-403,False,duo,24,24,24,24,0,2d,2d,2d,2d,2d
sim-540,sim-540,False,duo,24,16,24,16,8,2d,1d_a,1d,2d,2d
sim-177,sim-177,False,duo,24,24,24,24,0,2d,2d,2d,2d,2d
sim-727,sim-727,False,duo,24,16,24,16,8,2d,1d_a,1d,2d,2d
sim-794,sim-794,False,duo,16,16,16,16,0,2d,1d_a,1d,2d,2d
sim-819,sim-819,False,duo,24,24,24,24,0,2d,2d,2d,2d,2d
sim-779,sim-779,False,duo,24,16,24,16,8,2d,1d_a,1d,2d,2d
sim-757,sim-757,False,duo,24,16,24,16,8,2d,1d_b,1d,2d,2d
sim-298,sim-298,False,duo,20,16,20,16,4,2d,2d,2d,2d,2d
sim-092,sim-092,False,duo,24,9,24,9,15,2d,neither,neither,2d,2d
sim-930,sim-930,False,duo,24,17,24,17,7,2d,1d_b,1d,2d,2d
sim-450,sim-450,False,duo,24,16,24,16,8,2d,1d_b,1d,2d,2d
sim-646,sim-646,False,duo,24,16,24,16,8,2d,1d_b,1d,2d,2d
sim-015,sim-015,False,duo,24,23,24,23,1,2d,2d,2d,2d,2d
sim-481,sim-481,False,duo,24,16,24,16,8,2d,1d_a,1d,2d,2d
sim-997,sim-997,False,duo,24,17,24,17,7,2d,1d_a,1d,2d,2d
sim-869,sim-869,False,duo,24,24,24,24,0,2d,2d,2d,2d,2d
sim-432,sim-432,False,duo,24,17,24,17,7,2d,1d_a,1d,2d,2d
sim-696,sim-696,False,duo,21,16,21,16,5,2d,1d_a,1d,neither,neither
sim-503,sim-503,False,duo,24,20,24,20,4,2d,2d,2d,2d,2d
sim-261,sim-261,False,duo,24,24,24,24,0,2d,2d,2d,2d,2d
sim-329,sim-329,False,duo,24,24,24,24,0,2d,2d,2d,2d,2d
sim-180,sim-180,False,duo,24,24,24,24,0,2d,2d,2d,2d,2d
sim-565,sim-565,False,duo,24,24,24,24,0,2d,2d,2d,2d,2d
sim-396,sim-396,False,duo,24,24,24,24,0,2d,2d,2d,2d,2d
sim-496,sim-496,False,duo,24,16,24,16,8,2d,1d_b,1d,2d,2d
sim-036,sim-036,False,duo,24,23,24,23,1,2d,2d,2d,2d,2d
sim-443,sim-443,False,duo,24,16,24,16,8,2d,1d_a,1d,2d,2d
sim-928,sim-928,False,duo,16,16,16,16,0,1d_a,1d_a,1d,1d_a,1d
sim-660,sim-660,False,duo,24,20,24,20,4,1d_a,2d,2d,2d,2d
sim-637,sim-637,False,duo,24,24,24,24,0,1d_a,2d,2d,2d,2d
sim-099,sim-099,False,duo,24,16,24,16,8,1d_a,1d_b,1d,2d,2d
sim-338,sim-338,False,duo,24,24,24,24,0,1d_a,2d,2d,2d,2d
sim-013,sim-013,False,duo,16,16,16,16,0,1d_a,1d_a,1d,1d_a,1d
sim-685,sim-685,False,duo,24,16,24,16,8,1d_a,1d_b,1d,2d,2d
sim-117,sim-117,False,duo,12,16,12,16,-4,1d_a,1d_b,1d,neither,neither
sim-447,sim-447,False,duo,24,24,24,24,0,1d_a,2d,2d,2d,2d
sim-408,sim-408,False,duo,24,20,24,20,4,1d_a,2d,2d,2d,2d
sim-816,sim-816,False,duo,24,16,24,16,8,1d_a,2d,2d,2d,2d
sim-313,sim-313,False,duo,20,24,20,24,-4,1d_a,2d,2d,2d,2d
sim-359,sim-359,False,duo,24,16,24,16,8,1d_a,1d_b,1d,2d,2d
sim-472,sim-472,False,duo,16,16,16,16,0,1d_a,1d_a,1d,1d_a,1d
sim-205,sim-205,False,duo,24,20,24,20,4,1d_a,2d,2d,2d,2d
sim-228,sim-228,False,duo,24,12,24,12,12,1d_a,neither,neither,2d,2d
sim-482,sim-482,False,duo,16,16,16,16,0,1d_a,1d_a,1d,1d_a,1d
sim-040,sim-040,False,duo,24,24,24,24,0,1d_a,2d,2d,2d,2d
sim-392,sim-392,False,duo,16,16,16,16,0,1d_a,1d_a,1d,1d_a,1d
sim-111,sim-111,False,duo,16,16,16,16,0,1d_a,1d_a,1d,1d_a,1d
sim-833,sim-833,False,duo,24,16,24,16,8,1d_a,1d_a,1d,2d,2d
sim-813,sim-813,False,duo,17,16,17,16,1,1d_a,1d_a,1d,1d_a,1d
sim-963,sim-963,False,duo,24,21,24,21,3,1d_a,neither,neither,2d,2d
sim-422,sim-422,False,duo,24,24,24,24,0,1d_a,2d,2d,2d,2d
sim-341,sim-341,False,duo,24,16,24,16,8,1d_a,1d_b,1d,2d,2d
sim-184,sim-184,False,duo,24,16,24,16,8,1d_a,2d,2d,2d,2d
sim-998,sim-998,False,duo,16,16,16,16,0,1d_a,1d_a,1d,1d_a,1d
sim-423,sim-423,False,duo,24,16,24,16,8,1d_a,2d,2d,2d,2d
sim-182,sim-182,False,duo,24,20,24,20,4,1d_a,2d,2d,2d,2d
sim-905,sim-905,False,duo,24,24,24,24,0,1d_a,2d,2d,2d,2d
sim-862,sim-862,False,duo,24,16,24,16,8,1d_a,1d_b,1d,2d,2d
sim-650,sim-650,False,duo,18,16,18,16,2,1d_a,1d_a,1d,1d_a,1d
sim-746,sim-746,False,duo,16,16,16,16,0,1d_a,1d_a,1d,1d_a,1d
sim-701,sim-701,False,duo,24,17,24,17,7,1d_a,1d_b,1d,2d,2d
sim-106,sim-106,False,duo,24,16,24,16,8,1d_a,1d_b,1d,2d,2d
sim-920,sim-920,False,duo,16,16,16,16,0,1d_a,1d_a,1d,1d_a,1d
sim-652,sim-652,False,duo,16,16,16,16,0,1d_a,1d_a,1d,1d_a,1d
sim-367,sim-367,False,duo,24,24,24,24,0,1d_a,2d,2d,2d,2d
sim-620,sim-620,False,duo,24,16,24,16,8,1d_a,1d_b,1d,2d,2d
sim-906,sim-906,False,duo,24,16,24,16,8,1d_a,1d_a,1d,2d,2d
sim-316,sim-316,False,duo,16,16,16,16,0,1d_a,1d_a,1d,1d_a,1d
sim-043,sim-043,False,duo,16,16,16,16,0,1d_a,1d_a,1d,1d_a,1d
sim-131,sim-131,False,duo,24,24,24,24,0,1d_a,2d,2d,2d,2d
sim-441,sim-441,False,duo,24,24,24,24,0,1d_a,2d,2d,2d,2d
sim-152,sim-152,False,duo,24,24,24,24,0,1d_a,2d,2d,2d,2d
sim-589,sim-589,False,duo,24,23,24,23,1,1d_a,2d,2d,2d,2d
sim-037,sim-037,False,duo,24,16,24,16,8,1d_a,1d_a,1d,2d,2d
sim-153,sim-153,False,duo,17,16,17,16,1,1d_a,1d_a,1d,1d_a,1d
sim-677,sim-677,False,duo,16,16,16,16,0,1d_a,1d_a,1d,1d_a,1d
sim-961,sim-961,False,duo,16,16,16,16,0,1d_a,1d_a,1d,1d_a,1d
sim-602,sim-602,False,duo,16,12,16,12,4,1d_a,1d_a,1d,1d_a,1d
sim-438,sim-438,False,duo,24,16,24,16,8,1d_a,1d_b,1d,2d,2d
sim-453,sim-453,False,duo,24,16,24,16,8,1d_a,1d_b,1d,2d,2d
sim-786,sim-786,False,duo,24,17,24,17,7,1d_a,1d_b,1d,2d,2d
sim-269,sim-269,False,duo,24,16,24,16,8,1d_a,1d_a,1d,2d,2d
sim-134,sim-134,False,duo,4,12,4,12,-8,1d_a,neither,neither,neither,neither
sim-342,sim-342,False,duo,16,16,16,16,0,1d_a,1d_a,1d,1d_a,1d
sim-804,sim-804,False,duo,24,16,24,16,8,1d_a,1d_b,1d,2d,2d
sim-046,sim-046,False,duo,24,16,24,16,8,1d_a,1d_b,1d,2d,2d
sim-284,sim-284,False,duo,16,16,16,16,0,1d_a,1d_a,1d,1d_a,1d
sim-653,sim-653,False,duo,24,24,24,24,0,1d_a,2d,2d,2d,2d
sim-949,sim-949,False,duo,24,16,24,16,8,1d_a,1d_b,1d,2d,2d
sim-053,sim-053,False,duo,24,24,24,24,0,1d_a,2d,2d,2d,2d
sim-822,sim-822,False,duo,24,24,24,24,0,1d_a,2d,2d,2d,2d
sim-780,sim-780,False,duo,24,24,24,24,0,1d_a,2d,2d,2d,2d
sim-978,sim-978,False,duo,16,16,16,16,0,1d_a,1d_a,1d,1d_a,1d
sim-600,sim-600,False,duo,10,17,10,17,-7,1d_a,1d_a,1d,neither,neither
sim-209,sim-209,False,duo,24,20,24,20,4,1d_a,2d,2d,2d,2d
sim-352,sim-352,False,duo,16,1,16,1,15,1d_a,neither,neither,1d_a,1d
sim-216,sim-216,False,duo,24,17,24,17,7,1d_a,1d_b,1d,2d,2d
sim-289,sim-289,False,duo,24,20,24,20,4,1d_a,2d,2d,2d,2d
sim-279,sim-279,False,duo,24,24,24,24,0,1d_a,2d,2d,2d,2d
sim-954,sim-954,False,duo,24,16,24,16,8,1d_a,1d_b,1d,2d,2d
sim-821,sim-821,False,duo,16,17,16,17,-1,1d_a,1d_a,1d,1d_a,1d
sim-110,sim-110,False,duo,24,24,24,24,0,1d_a,2d,2d,2d,2d
sim-119,sim-119,False,duo,24,16,24,16,8,1d_a,1d_a,1d,2d,2d
sim-942,sim-942,False,duo,17,16,17,16,1,1d_a,1d_a,1d,1d_a,1d
sim-138,sim-138,False,duo,20,16,20,16,4,1d_a,1d_b,1d,2d,2d
sim-107,sim-107,False,duo,24,16,24,16,8,1d_a,1d_b,1d,2d,2d
sim-307,sim-307,False,duo,16,16,16,16,0,1d_a,1d_a,1d,1d_a,1d
sim-973,sim-973,False,duo,24,24,24,24,0,1d_a,2d,2d,2d,2d
sim-009,sim-009,False,duo,16,16,16,16,0,1d_a,1d_a,1d,1d_a,1d
sim-823,sim-823,False,duo,16,16,16,16,0,1d_a,1d_a,1d,1d_a,1d
sim-310,sim-310,False,duo,16,16,16,16,0,1d_a,1d_a,1d,1d_a,1d
sim-557,sim-557,False,duo,24,16,24,16,8,1d_a,1d_a,1d,2d,2d
sim-744,sim-744,False,duo,24,16,24,16,8,1d_a,1d_b,1d,2d,2d
sim-635,sim-635,False,duo,24,20,24,20,4,1d_a,2d,2d,2d,2d
sim-292,sim-292,False,duo,24,16,24,16,8,1d_a,1d_b,1d,2d,2d
sim-379,sim-379,False,duo,24,24,24,24,0,1d_a,2d,2d,2d,2d
sim-890,sim-890,False,duo,24,24,24,24,0,1d_a,2d,2d,2d,2d
sim-630,sim-630,False,duo,24,-8,24,-8,32,1d_a,neither,neither,2d,2d
sim-358,sim-358,False,duo,24,20,24,20,4,1d_a,2d,2d,2d,2d
sim-713,sim-713,False,duo,24,16,24,16,8,1d_a,1d_b,1d,2d,2d
sim-621,sim-621,False,duo,24,16,24,16,8,1d_a,1d_b,1d,2d,2d
sim-519,sim-519,False,duo,24,16,24,16,8,1d_a,1d_b,1d,2d,2d
sim-663,sim-663,False,duo,24,16,24,16,8,1d_a,1d_b,1d,2d,2d
sim-551,sim-551,False,duo,16,17,16,17,-1,1d_a,1d_a,1d,1d_a,1d
sim-076,sim-076,False,duo,24,18,24,18,6,1d_a,1d_b,1d,2d,2d
sim-103,sim-103,False,duo,24,16,24,16,8,1d_a,1d_b,1d,2d,2d
sim-577,sim-577,False,duo,24,24,24,24,0,1d_a,2d,2d,2d,2d
sim-858,sim-858,False,duo,24,24,24,24,0,1d_a,2d,2d,2d,2d
sim-010,sim-010,False,duo,24,16,24,16,8,1d_a,1d_b,1d,2d,2d
sim-075,sim-075,False,duo,24,16,24,16,8,1d_a,1d_b,1d,2d,2d
sim-952,sim-952,False,duo,24,24,24,24,0,1d_a,2d,2d,2d,2d
sim-469,sim-469,False,duo,16,16,16,16,0,1d_a,1d_a,1d,1d_a,1d
sim-308,sim-308,False,duo,16,16,16,16,0,1d_a,1d_a,1d,1d_a,1d
sim-135,sim-135,False,duo,24,16,24,16,8,1d_a,1d_b,1d,2d,2d
sim-860,sim-860,False,duo,24,16,24,16,8,1d_a,2d,2d,2d,2d
sim-885,sim-885,False,duo,24,24,24,24,0,1d_a,2d,2d,2d,2d
sim-245,sim-245,False,duo,24,17,24,17,7,1d_a,1d_b,1d,2d,2d
sim-642,sim-642,False,duo,24,20,24,20,4,1d_a,2d,2d,2d,2d
sim-210,sim-210,False,duo,24,16,24,16,8,1d_a,1d_b,1d,2d,2d
sim-268,sim-268,False,duo,24,16,24,16,8,1d_a,2d,2d,2d,2d
sim-871,sim-871,False,duo,24,16,24,16,8,1d_a,1d_b,1d,2d,2d
sim-536,sim-536,False,duo,16,16,16,16,0,1d_a,1d_a,1d,1d_a,1d
sim-579,sim-579,False,duo,24,16,24,16,8,1d_a,1d_b,1d,2d,2d
sim-846,sim-846,False,duo,24,16,24,16,8,1d_a,1d_b,1d,2d,2d
sim-969,sim-969,False,duo,24,20,24,20,4,1d_a,neither,neither,2d,2d
sim-084,sim-084,False,duo,24,16,24,16,8,1d_a,1d_b,1d,2d,2d
sim-041,sim-041,False,duo,24,16,24,16,8,1d_a,1d_b,1d,2d,2d
sim-609,sim-609,False,duo,16,16,16,16,0,1d_a,1d_a,1d,1d_a,1d
sim-593,sim-593,False,duo,24,16,24,16,8,1d_a,1d_a,1d,2d,2d
sim-854,sim-854,False,duo,24,19,24,19,5,1d_a,neither,neither,2d,2d
sim-584,sim-584,False,duo,20,16,20,16,4,1d_a,1d_b,1d,2d,2d
sim-123,sim-123,False,duo,24,16,24,16,8,1d_a,1d_b,1d,2d,2d
sim-414,sim-414,False,duo,24,16,24,16,8,1d_a,1d_b,1d,2d,2d
sim-241,sim-241,False,duo,24,16,24,16,8,1d_a,1d_b,1d,2d,2d
sim-724,sim-724,False,duo,24,24,24,24,0,1d_a,2d,2d,2d,2d
sim-610,sim-610,False,duo,24,24,24,24,0,1d_a,2d,2d,2d,2d
sim-767,sim-767,False,duo,16,16,16,16,0,1d_a,1d_a,1d,1d_a,1d
sim-191,sim-191,False,duo,24,24,24,24,0,1d_a,2d,2d,2d,2d
sim-083,sim-083,False,duo,24,16,24,16,8,1d_a,1d_b,1d,2d,2d
sim-521,sim-521,False,duo,24,20,24,20,4,1d_a,neither,neither,2d,2d
sim-877,sim-877,False,duo,24,24,24,24,0,1d_a,2d,2d,2d,2d
sim-806,sim-806,False,duo,24,20,24,20,4,1d_a,2d,2d,2d,2d
sim-784,sim-784,False,duo,16,16,16,16,0,1d_a,1d_a,1d,1d_a,1d
sim-515,sim-515,False,duo,24,16,24,16,8,1d_a,1d_a,1d,2d,2d
sim-489,sim-489,False,duo,24,24,24,24,0,1d_a,2d,2d,2d,2d
sim-848,sim-848,False,duo,16,16,16,16,0,1d_a,1d_a,1d,1d_a,1d
sim-673,sim-673,False,duo,16,17,16,17,-1,1d_a,1d_a,1d,1d_a,1d
sim-059,sim-059,False,duo,24,17,24,17,7,1d_a,1d_b,1d,2d,2d
sim-322,sim-322,False,duo,16,16,16,16,0,1d_a,1d_a,1d,1d_a,1d
sim-692,sim-692,False,duo,16,16,16,16,0,1d_a,1d_a,1d,1d_a,1d
sim-556,sim-556,False,duo,24,17,24,17,7,1d_a,1d_b,1d,2d,2d
sim-594,sim-594,False,duo,24,16,24,16,8,1d_a,1d_b,1d,2d,2d
sim-838,sim-838,False,duo,16,16,16,16,0,1d_a,1d_a,1d,1d_a,1d
sim-223,sim-223,False,duo,20,24,20,24,-4,1d_a,2d,2d,2d,2d
sim-304,sim-304,False,duo,16,16,16,16,0,1d_a,1d_a,1d,1d_a,1d
sim-717,sim-717,False,duo,16,16,16,16,0,1d_a,1d_a,1d,1d_a,1d
sim-159,sim-159,False,duo,24,24,24,24,0,1d_a,2d,2d,2d,2d
sim-499,sim-499,False,duo,24,24,24,24,0,1d_a,2d,2d,2d,2d
sim-570,sim-570,False,duo,24,16,24,16,8,1d_a,1d_b,1d,2d,2d
sim-898,sim-898,False,duo,16,16,16,16,0,1d_a,1d_a,1d,1d_a,1d
sim-293,sim-293,False,duo,24,16,24,16,8,1d_a,1d_b,1d,2d,2d
sim-466,sim-466,False,duo,24,24,24,24,0,1d_a,2d,2d,2d,2d
sim-989,sim-989,False,duo,24,16,24,16,8,1d_a,1d_b,1d,2d,2d
sim-400,sim-400,False,duo,24,24,24,24,0,1d_a,2d,2d,2d,2d
sim-003,sim-003,False,duo,24,8,24,8,16,1d_a,neither,neither,2d,2d
sim-887,sim-887,False,duo,24,16,24,16,8,1d_a,1d_b,1d,2d,2d
sim-169,sim-169,False,duo,24,16,24,16,8,1d_a,1d_b,1d,2d,2d
sim-726,sim-726,False,duo,24,8,24,8,16,1d_a,neither,neither,2d,2d
sim-870,sim-870,False,duo,4,15,4,15,-11,1d_a,neither,neither,neither,neither
sim-219,sim-219,False,duo,24,24,24,24,0,1d_a,2d,2d,2d,2d
sim-493,sim-493,False,duo,16,16,16,16,0,1d_a,1d_a,1d,1d_a,1d
sim-716,sim-716,False,duo,24,16,24,16,8,1d_a,1d_b,1d,2d,2d
sim-752,sim-752,False,duo,24,17,24,17,7,1d_a,1d_a,1d,2d,2d
sim-171,sim-171,False,duo,16,16,16,16,0,1d_a,1d_a,1d,1d_a,1d
sim-243,sim-243,False,duo,24,21,24,21,3,1d_a,neither,neither,2d,2d
sim-981,sim-981,False,duo,24,16,24,16,8,1d_a,1d_a,1d,2d,2d
sim-016,sim-016,False,duo,24,16,24,16,8,1d_a,1d_b,1d,2d,2d
sim-554,sim-554,False,duo,24,16,24,16,8,1d_a,1d_a,1d,2d,2d
sim-668,sim-668,False,duo,16,16,16,16,0,1d_a,1d_a,1d,1d_a,1d
sim-052,sim-052,False,duo,24,20,24,20,4,1d_a,2d,2d,2d,2d
sim-990,sim-990,False,duo,24,16,24,16,8,1d_a,1d_b,1d,2d,2d
sim-564,sim-564,False,duo,16,16,16,16,0,1d_a,1d_a,1d,1d_a,1d
sim-454,sim-454,False,duo,24,20,24,20,4,1d_a,2d,2d,2d,2d
sim-078,sim-078,False,duo,24,16,24,16,8,1d_a,1d_b,1d,2d,2d
sim-256,sim-256,False,duo,24,24,24,24,0,1d_a,2d,2d,2d,2d
sim-913,sim-913,False,duo,24,24,24,24,0,1d_a,2d,2d,2d,2d
sim-718,sim-718,False,duo,8,16,8,16,-8,1d_a,1d_b,1d,neither,neither
sim-188,sim-188,False,duo,20,4,20,4,16,1d_a,neither,neither,2d,2d
sim-830,sim-830,False,duo,16,16,16,16,0,1d_a,1d_a,1d,1d_a,1d
sim-144,sim-144,False,duo,24,24,24,24,0,1d_a,2d,2d,2d,2d
sim-967,sim-967,False,duo,24,16,24,16,8,1d_a,1d_b,1d,2d,2d
sim-815,sim-815,False,duo,16,16,16,16,0,1d_a,1d_a,1d,1d_a,1d
sim-706,sim-706,False,duo,16,16,16,16,0,1d_a,1d_a,1d,1d_a,1d
sim-924,sim-924,False,duo,16,16,16,16,0,1d_a,1d_a,1d,1d_a,1d
sim-255,sim-255,False,duo,24,16,24,16,8,1d_a,1d_b,1d,2d,2d
sim-112,sim-112,False,duo,24,16,24,16,8,1d_a,1d_a,1d,2d,2d
sim-348,sim-348,False,duo,24,16,24,16,8,1d_a,1d_b,1d,2d,2d
sim-413,sim-413,False,duo,16,16,16,16,0,1d_a,1d_a,1d,1d_a,1d
sim-063,sim-063,False,duo,24,16,24,16,8,1d_a,1d_b,1d,2d,2d
sim-101,sim-101,False,duo,24,24,24,24,0,1d_a,2d,2d,2d,2d
sim-662,sim-662,False,duo,16,16,16,16,0,1d_a,1d_a,1d,1d_a,1d
sim-670,sim-670,False,duo,16,16,16,16,0,1d_a,1d_a,1d,1d_a,1d
sim-690,sim-690,False,duo,16,16,16,16,0,1d_a,1d_a,1d,1d_a,1d
sim-056,sim-056,False,duo,4,16,4,16,-12,1d_a,1d_b,1d,neither,neither
sim-479,sim-479,False,duo,24,20,24,20,4,1d_a,2d,2d,2d,2d
sim-421,sim-421,False,duo,24,24,24,24,0,1d_a,2d,2d,2d,2d
sim-756,sim-756,False,duo,24,24,24,24,0,1d_a,2d,2d,2d,2d
sim-363,sim-363,False,duo,24,24,24,24,0,1d_a,2d,2d,2d,2d
sim-442,sim-442,False,duo,24,16,24,16,8,1d_a,1d_b,1d,2d,2d
sim-675,sim-675,False,duo,16,16,16,16,0,1d_a,1d_a,1d,1d_a,1d
sim-947,sim-947,False,duo,24,16,24,16,8,1d_a,1d_b,1d,2d,2d
sim-097,sim-097,False,duo,24,24,24,24,0,1d_a,2d,2d,2d,2d
sim-195,sim-195,False,duo,24,16,24,16,8,1d_a,2d,2d,2d,2d
sim-417,sim-417,False,duo,12,16,12,16,-4,1d_a,1d_a,1d,neither,neither
sim-710,sim-710,False,duo,24,24,24,24,0,1d_a,2d,2d,2d,2d
sim-249,sim-249,False,duo,16,16,16,16,0,1d_a,1d_a,1d,1d_a,1d
sim-485,sim-485,False,duo,24,20,24,20,4,1d_a,2d,2d,2d,2d
sim-591,sim-591,False,duo,24,24,24,24,0,1d_a,2d,2d,2d,2d
sim-585,sim-585,False,duo,16,16,16,16,0,1d_a,1d_a,1d,1d_a,1d
sim-136,sim-136,False,duo,16,16,16,16,0,1d_a,1d_a,1d,1d_a,1d
sim-754,sim-754,False,duo,16,16,16,16,0,1d_a,1d_a,1d,1d_a,1d
sim-220,sim-220,False,duo,24,24,24,24,0,1d_a,2d,2d,2d,2d
sim-768,sim-768,False,duo,16,16,16,16,0,1d_a,1d_a,1d,1d_a,1d
sim-686,sim-686,False,duo,24,24,24,24,0,1d_a,2d,2d,2d,2d
sim-286,sim-286,False,duo,24,16,24,16,8,1d_a,1d_b,1d,2d,2d
sim-244,sim-244,False,duo,24,24,24,24,0,1d_a,2d,2d,2d,2d
sim-527,sim-527,False,duo,16,16,16,16,0,1d_a,1d_a,1d,1d_a,1d
sim-729,sim-729,False,duo,24,11,24,11,13,1d_a,neither,neither,2d,2d
sim-339,sim-339,False,duo,24,16,24,16,8,1d_a,1d_b,1d,2d,2d
sim-873,sim-873,False,duo,24,24,24,24,0,1d_a,2d,2d,2d,2d
sim-070,sim-070,False,duo,16,16,16,16,0,1d_a,1d_a,1d,1d_a,1d
sim-875,sim-875,False,duo,24,17,24,17,7,1d_a,neither,neither,2d,2d
sim-061,sim-061,False,duo,24,24,24,24,0,1d_a,2d,2d,2d,2d
sim-647,sim-647,False,duo,24,16,24,16,8,1d_a,1d_b,1d,2d,2d
sim-725,sim-725,False,duo,24,16,24,16,8,1d_a,1d_b,1d,2d,2d
sim-073,sim-073,False,duo,24,16,24,16,8,1d_a,1d_b,1d,2d,2d
sim-008,sim-008,False,duo,24,24,24,24,0,1d_a,2d,2d,2d,2d
sim-968,sim-968,False,duo,24,16,24,16,8,1d_a,1d_b,1d,2d,2d
sim-735,sim-735,False,duo,16,16,16,16,0,1d_a,1d_a,1d,1d_a,1d
sim-236,sim-236,False,duo,17,1,17,1,16,1d_a,neither,neither,1d_a,1d
sim-568,sim-568,False,duo,24,16,24,16,8,1d_a,1d_b,1d,2d,2d
sim-603,sim-603,False,duo,24,16,24,16,8,1d_a,1d_a,1d,2d,2d
sim-022,sim-022,False,duo,24,24,24,24,0,1d_a,2d,2d,2d,2d
sim-347,sim-347,False,duo,24,16,24,16,8,1d_a,1d_b,1d,2d,2d
sim-828,sim-828,False,duo,24,19,24,19,5,1d_a,neither,neither,2d,2d
sim-231,sim-231,False,duo,17,11,17,11,6,1d_a,neither,neither,1d_a,1d
sim-254,sim-254,False,duo,17,16,17,16,1,1d_a,1d_a,1d,1d_a,1d
sim-124,sim-124,False,duo,24,24,24,24,0,1d_a,2d,2d,2d,2d
sim-463,sim-463,False,duo,16,16,16,16,0,1d_a,1d_a,1d,1d_a,1d
sim-530,sim-530,False,duo,24,16,24,16,8,1d_a,1d_b,1d,2d,2d
sim-449,sim-449,False,duo,24,16,24,16,8,1d_a,1d_b,1d,2d,2d
sim-832,sim-832,False,duo,24,16,24,16,8,1d_a,neither,neither,2d,2d
sim-972,sim-972,False,duo,24,24,24,24,0,1d_a,2d,2d,2d,2d
sim-688,sim-688,False,duo,24,18,24,18,6,1d_a,1d_b,1d,2d,2d
sim-845,sim-845,False,duo,24,16,24,16,8,1d_a,1d_b,1d,2d,2d
sim-320,sim-320,False,duo,24,16,24,16,8,1d_a,2d,2d,2d,2d
sim-731,sim-731,False,duo,24,16,24,16,8,1d_a,1d_b,1d,2d,2d
sim-206,sim-206,False,duo,24,16,24,16,8,1d_b,1d_a,1d,2d,2d
sim-707,sim-707,False,duo,24,24,24,24,0,1d_b,2d,2d,2d,2d
sim-939,sim-939,False,duo,24,16,24,16,8,1d_b,1d_a,1d,2d,2d
sim-785,sim-785,False,duo,16,16,16,16,0,1d_b,1d_b,1d,1d_b,1d
sim-867,sim-867,False,duo,16,16,16,16,0,1d_b,1d_b,1d,1d_b,1d
sim-434,sim-434,False,duo,24,17,24,17,7,1d_b,1d_b,1d,2d,2d
sim-622,sim-622,False,duo,24,24,24,24,0,1d_b,2d,2d,2d,2d
sim-541,sim-541,False,duo,24,16,24,16,8,1d_b,1d_a,1d,2d,2d
sim-856,sim-856,False,duo,20,16,20,16,4,1d_b,1d_b,1d,2d,2d
sim-170,sim-170,False,duo,24,16,24,16,8,1d_b,1d_a,1d,2d,2d
sim-563,sim-563,False,duo,24,24,24,24,0,1d_b,2d,2d,2d,2d
sim-487,sim-487,False,duo,24,23,24,23,1,1d_b,2d,2d,2d,2d
sim-676,sim-676,False,duo,24,24,24,24,0,1d_b,2d,2d,2d,2d
sim-132,sim-132,False,duo,16,16,16,16,0,1d_b,1d_b,1d,1d_b,1d
sim-129,sim-129,False,duo,24,17,24,17,7,1d_b,1d_a,1d,2d,2d
sim-546,sim-546,False,duo,16,16,16,16,0,1d_b,1d_b,1d,1d_b,1d
sim-071,sim-071,False,duo,16,16,16,16,0,1d_b,1d_b,1d,1d_b,1d
sim-498,sim-498,False,duo,24,20,24,20,4,1d_b,2d,2d,2d,2d
sim-750,sim-750,False,duo,16,16,16,16,0,1d_b,1d_b,1d,1d_b,1d
sim-088,sim-088,False,duo,24,16,24,16,8,1d_b,1d_a,1d,2d,2d
sim-934,sim-934,False,duo,24,16,24,16,8,1d_b,1d_a,1d,2d,2d
sim-866,sim-866,False,duo,8,16,8,16,-8,1d_b,1d_a,1d,neither,neither
sim-247,sim-247,False,duo,16,16,16,16,0,1d_b,1d_b,1d,1d_b,1d
sim-060,sim-060,False,duo,24,20,24,20,4,1d_b,2d,2d,2d,2d
sim-246,sim-246,False,duo,24,16,24,16,8,1d_b,1d_a,1d,2d,2d
sim-315,sim-315,False,duo,24,24,24,24,0,1d_b,2d,2d,2d,2d
sim-372,sim-372,False,duo,20,16,20,16,4,1d_b,1d_a,1d,2d,2d
sim-809,sim-809,False,duo,24,17,24,17,7,1d_b,1d_a,1d,2d,2d
sim-020,sim-020,False,duo,24,16,24,16,8,1d_b,1d_a,1d,2d,2d
sim-501,sim-501,False,duo,16,17,16,17,-1,1d_b,1d_a,1d,2d,2d
sim-332,sim-332,False,duo,16,16,16,16,0,1d_b,1d_b,1d,1d_b,1d
sim-614,sim-614,False,duo,24,20,24,20,4,1d_b,2d,2d,2d,2d
sim-001,sim-001,False,duo,16,18,16,18,-2,1d_b,1d_b,1d,1d_b,1d
sim-544,sim-544,False,duo,16,16,16,16,0,1d_b,1d_b,1d,1d_b,1d
sim-553,sim-553,False,duo,24,24,24,24,0,1d_b,2d,2d,2d,2d
sim-166,sim-166,False,duo,24,16,24,16,8,1d_b,1d_a,1d,2d,2d
sim-799,sim-799,False,duo,24,16,24,16,8,1d_b,1d_a,1d,2d,2d
sim-383,sim-383,False,duo,24,24,24,24,0,1d_b,2d,2d,2d,2d
sim-835,sim-835,False,duo,24,16,24,16,8,1d_b,1d_a,1d,2d,2d
sim-974,sim-974,False,duo,16,17,16,17,-1,1d_b,1d_b,1d,1d_b,1d
sim-895,sim-895,False,duo,16,16,16,16,0,1d_b,1d_b,1d,1d_b,1d
sim-797,sim-797,False,duo,16,16,16,16,0,1d_b,1d_b,1d,1d_b,1d
sim-1000,sim-1000,False,duo,12,16,12,16,-4,1d_b,1d_a,1d,neither,neither
sim-306,sim-306,False,duo,17,17,17,17,0,1d_b,1d_b,1d,1d_b,1d
sim-641,sim-641,False,duo,24,24,24,24,0,1d_b,2d,2d,2d,2d
sim-109,sim-109,False,duo,16,16,16,16,0,1d_b,1d_a,1d,2d,2d
sim-520,sim-520,False,duo,16,16,16,16,0,1d_b,1d_b,1d,1d_b,1d
sim-183,sim-183,False,duo,24,24,24,24,0,1d_b,2d,2d,2d,2d
sim-781,sim-781,False,duo,24,18,24,18,6,1d_b,1d_b,1d,2d,2d
sim-513,sim-513,False,duo,24,24,24,24,0,1d_b,2d,2d,2d,2d
sim-931,sim-931,False,duo,16,16,16,16,0,1d_b,1d_b,1d,1d_b,1d
sim-737,sim-737,False,duo,16,16,16,16,0,1d_b,1d_b,1d,1d_b,1d
sim-740,sim-740,False,duo,20,16,20,16,4,1d_b,1d_a,1d,2d,2d
sim-004,sim-004,False,duo,24,16,24,16,8,1d_b,1d_a,1d,2d,2d
sim-909,sim-909,False,duo,16,16,16,16,0,1d_b,1d_b,1d,1d_b,1d
sim-162,sim-162,False,duo,24,17,24,17,7,1d_b,1d_a,1d,2d,2d
sim-446,sim-446,False,duo,24,16,24,16,8,1d_b,1d_a,1d,2d,2d
sim-932,sim-932,False,duo,16,16,16,16,0,1d_b,1d_b,1d,1d_b,1d
sim-999,sim-999,False,duo,24,24,24,24,0,1d_b,2d,2d,2d,2d
sim-956,sim-956,False,duo,24,24,24,24,0,1d_b,2d,2d,2d,2d
sim-657,sim-657,False,duo,24,17,24,17,7,1d_b,1d_a,1d,2d,2d
sim-788,sim-788,False,duo,24,16,24,16,8,1d_b,1d_a,1d,2d,2d
sim-900,sim-900,False,duo,16,16,16,16,0,1d_b,1d_b,1d,1d_b,1d
sim-769,sim-769,False,duo,16,16,16,16,0,1d_b,1d_b,1d,1d_b,1d
sim-937,sim-937,False,duo,24,16,24,16,8,1d_b,1d_b,1d,2d,2d
sim-699,sim-699,False,duo,16,17,16,17,-1,1d_b,1d_b,1d,1d_b,1d
sim-118,sim-118,False,duo,24,17,24,17,7,1d_b,1d_a,1d,2d,2d
sim-739,sim-739,False,duo,16,16,16,16,0,1d_b,1d_b,1d,1d_b,1d
sim-831,sim-831,False,duo,24,24,24,24,0,1d_b,2d,2d,2d,2d
sim-012,sim-012,False,duo,24,16,24,16,8,1d_b,1d_a,1d,2d,2d
sim-567,sim-567,False,duo,24,16,24,16,8,1d_b,1d_a,1d,2d,2d
sim-258,sim-258,False,duo,24,16,24,16,8,1d_b,1d_a,1d,2d,2d
sim-542,sim-542,False,duo,24,24,24,24,0,1d_b,2d,2d,2d,2d
sim-480,sim-480,False,duo,24,20,24,20,4,1d_b,2d,2d,2d,2d
sim-964,sim-964,False,duo,16,16,16,16,0,1d_b,1d_b,1d,1d_b,1d
sim-391,sim-391,False,duo,16,16,16,16,0,1d_b,1d_b,1d,1d_b,1d
sim-395,sim-395,False,duo,24,20,24,20,4,1d_b,2d,2d,2d,2d
sim-066,sim-066,False,duo,24,16,24,16,8,1d_b,1d_a,1d,2d,2d
sim-611,sim-611,False,duo,24,17,24,17,7,1d_b,1d_a,1d,2d,2d
sim-957,sim-957,False,duo,24,17,24,17,7,1d_b,1d_a,1d,2d,2d
sim-697,sim-697,False,duo,24,16,24,16,8,1d_b,1d_a,1d,2d,2d
sim-812,sim-812,False,duo,24,24,24,24,0,1d_b,2d,2d,2d,2d
sim-959,sim-959,False,duo,16,16,16,16,0,1d_b,1d_b,1d,1d_b,1d
sim-643,sim-643,False,duo,16,17,16,17,-1,1d_b,1d_b,1d,2d,2d
sim-157,sim-157,False,duo,24,24,24,24,0,1d_b,2d,2d,2d,2d
sim-113,sim-113,False,duo,24,18,24,18,6,1d_b,1d_b,1d,2d,2d
sim-049,sim-049,False,duo,24,16,24,16,8,1d_b,1d_a,1d,2d,2d
sim-774,sim-774,False,duo,16,16,16,16,0,1d_b,1d_b,1d,1d_b,1d
sim-094,sim-094,False,duo,16,17,16,17,-1,1d_b,1d_b,1d,1d_b,1d
sim-506,sim-506,False,duo,24,16,24,16,8,1d_b,1d_b,1d,2d,2d
sim-522,sim-522,False,duo,16,16,16,16,0,1d_b,1d_b,1d,1d_b,1d
sim-142,sim-142,False,duo,16,16,16,16,0,1d_b,1d_b,1d,1d_b,1d
sim-882,sim-882,False,duo,24,17,24,17,7,1d_b,1d_a,1d,2d,2d
sim-926,sim-926,False,duo,24,16,24,16,8,1d_b,1d_a,1d,2d,2d
sim-409,sim-409,False,duo,24,16,24,16,8,1d_b,1d_a,1d,2d,2d
sim-598,sim-598,False,duo,16,16,16,16,0,1d_b,1d_b,1d,1d_b,1d
sim-439,sim-439,False,duo,16,16,16,16,0,1d_b,1d_b,1d,1d_b,1d
sim-599,sim-599,False,duo,17,18,17,18,-1,1d_b,neither,neither,1d_b,1d
sim-765,sim-765,False,duo,24,16,24,16,8,1d_b,1d_a,1d,2d,2d
sim-270,sim-270,False,duo,24,16,24,16,8,1d_b,2d,2d,2d,2d
sim-552,sim-552,False,duo,24,24,24,24,0,1d_b,2d,2d,2d,2d
sim-975,sim-975,False,duo,24,24,24,24,0,1d_b,2d,2d,2d,2d
sim-763,sim-763,False,duo,24,22,24,22,2,1d_b,2d,2d,2d,2d
sim-253,sim-253,False,duo,24,16,24,16,8,1d_b,1d_a,1d,2d,2d
sim-993,sim-993,False,duo,4,16,4,16,-12,1d_b,1d_a,1d,neither,neither
sim-272,sim-272,False,duo,20,17,20,17,3,1d_b,1d_a,1d,2d,2d
sim-147,sim-147,False,duo,24,24,24,24,0,1d_b,2d,2d,2d,2d
sim-470,sim-470,False,duo,24,24,24,24,0,1d_b,2d,2d,2d,2d
sim-659,sim-659,False,duo,20,16,20,16,4,1d_b,1d_b,1d,neither,neither
sim-406,sim-406,False,duo,24,16,24,16,8,1d_b,1d_a,1d,2d,2d
sim-512,sim-512,False,duo,16,16,16,16,0,1d_b,1d_b,1d,1d_b,1d
sim-672,sim-672,False,duo,16,17,16,17,-1,1d_b,1d_b,1d,1d_b,1d
sim-218,sim-218,False,duo,4,16,4,16,-12,1d_b,1d_a,1d,neither,neither
sim-323,sim-323,False,duo,24,16,24,16,8,1d_b,1d_a,1d,2d,2d
sim-736,sim-736,False,duo,24,24,24,24,0,1d_b,2d,2d,2d,2d
sim-581,sim-581,False,duo,24,16,24,16,8,1d_b,1d_a,1d,2d,2d
sim-217,sim-217,False,duo,24,24,24,24,0,1d_b,2d,2d,2d,2d
sim-068,sim-068,False,duo,24,17,24,17,7,1d_b,1d_b,1d,2d,2d
sim-275,sim-275,False,duo,24,24,24,24,0,1d_b,2d,2d,2d,2d
sim-411,sim-411,False,duo,24,17,24,17,7,1d_b,1d_a,1d,2d,2d
sim-324,sim-324,False,duo,24,24,24,24,0,1d_b,2d,2d,2d,2d
sim-825,sim-825,False,duo,24,20,24,20,4,1d_b,neither,neither,2d,2d
sim-983,sim-983,False,duo,24,24,24,24,0,1d_b,2d,2d,2d,2d
sim-842,sim-842,False,duo,16,16,16,16,0,1d_b,1d_b,1d,1d_b,1d
sim-235,sim-235,False,duo,24,24,24,24,0,1d_b,2d,2d,2d,2d
sim-058,sim-058,False,duo,24,8,24,8,16,1d_b,neither,neither,2d,2d
sim-795,sim-795,False,duo,24,-4,24,-4,28,1d_b,neither,neither,2d,2d
sim-787,sim-787,False,duo,24,16,24,16,8,1d_b,2d,2d,2d,2d
sim-864,sim-864,False,duo,16,16,16,16,0,1d_b,1d_b,1d,1d_b,1d
sim-333,sim-333,False,duo,24,24,24,24,0,1d_b,2d,2d,2d,2d
sim-702,sim-702,False,duo,24,24,24,24,0,1d_b,2d,2d,2d,2d
sim-225,sim-225,False,duo,24,20,24,20,4,1d_b,2d,2d,2d,2d
sim-571,sim-571,False,duo,24,16,24,16,8,1d_b,1d_a,1d,2d,2d
sim-705,sim-705,False,duo,24,20,24,20,4,1d_b,2d,2d,2d,2d
sim-656,sim-656,False,duo,24,24,24,24,0,1d_b,2d,2d,2d,2d
sim-277,sim-277,False,duo,24,16,24,16,8,1d_b,1d_a,1d,2d,2d
sim-389,sim-389,False,duo,16,16,16,16,0,1d_b,1d_b,1d,1d_b,1d
sim-474,sim-474,False,duo,16,16,16,16,0,1d_b,1d_b,1d,1d_b,1d
sim-168,sim-168,False,duo,24,16,24,16,8,1d_b,1d_a,1d,2d,2d
sim-995,sim-995,False,duo,24,24,24,24,0,1d_b,2d,2d,2d,2d
sim-747,sim-747,False,duo,24,16,24,16,8,1d_b,1d_a,1d,2d,2d
sim-547,sim-547,False,duo,24,24,24,24,0,1d_b,2d,2d,2d,2d
sim-176,sim-176,False,duo,24,12,24,12,12,1d_b,neither,neither,2d,2d
sim-908,sim-908,False,duo,24,16,24,16,8,1d_b,1d_b,1d,2d,2d
sim-624,sim-624,False,duo,22,17,22,17,5,1d_b,1d_b,1d,2d,2d
sim-074,sim-074,False,duo,24,16,24,16,8,1d_b,1d_a,1d,2d,2d
sim-664,sim-664,False,duo,16,16,16,16,0,1d_b,1d_b,1d,1d_b,1d
sim-700,sim-700,False,duo,24,16,24,16,8,1d_b,1d_a,1d,2d,2d
sim-971,sim-971,False,duo,24,23,24,23,1,1d_b,2d,2d,2d,2d
sim-274,sim-274,False,duo,24,24,24,24,0,1d_b,2d,2d,2d,2d
sim-687,sim-687,False,duo,24,17,24,17,7,1d_b,1d_a,1d,2d,2d
sim-215,sim-215,False,duo,24,17,24,17,7,1d_b,1d_b,1d,2d,2d
sim-364,sim-364,False,duo,24,24,24,24,0,1d_b,2d,2d,2d,2d
sim-380,sim-380,False,duo,24,16,24,16,8,1d_b,1d_a,1d,2d,2d
sim-167,sim-167,False,duo,24,16,24,16,8,1d_b,1d_a,1d,2d,2d
sim-374,sim-374,False,duo,24,16,24,16,8,1d_b,1d_a,1d,2d,2d
sim-855,sim-855,False,duo,16,17,16,17,-1,1d_b,1d_b,1d,1d_b,1d
sim-651,sim-651,False,duo,24,24,24,24,0,1d_b,2d,2d,2d,2d
sim-465,sim-465,False,duo,24,24,24,24,0,1d_b,2d,2d,2d,2d
sim-955,sim-955,False,duo,16,16,16,16,0,1d_b,1d_b,1d,1d_b,1d
sim-948,sim-948,False,duo,24,16,24,16,8,1d_b,1d_a,1d,2d,2d
sim-104,sim-104,False,duo,16,16,16,16,0,1d_b,1d_a,1d,2d,2d
sim-888,sim-888,False,duo,24,24,24,24,0,1d_b,2d,2d,2d,2d
sim-979,sim-979,False,duo,24,16,24,16,8,1d_b,1d_b,1d,2d,2d
sim-876,sim-876,False,duo,0,16,0,16,-16,1d_b,1d_b,1d,neither,neither
sim-082,sim-082,False,duo,24,16,24,16,8,1d_b,1d_a,1d,2d,2d
sim-297,sim-297,False,duo,24,16,24,16,8,1d_b,1d_a,1d,2d,2d
sim-792,sim-792,False,duo,16,16,16,16,0,1d_b,1d_b,1d,1d_b,1d
sim-234,sim-234,False,duo,16,16,16,16,0,1d_b,1d_b,1d,1d_b,1d
sim-678,sim-678,False,duo,24,16,24,16,8,1d_b,1d_a,1d,2d,2d
sim-047,sim-047,False,duo,24,16,24,16,8,1d_b,1d_a,1d,2d,2d
sim-072,sim-072,False,duo,24,22,24,22,2,1d_b,2d,2d,2d,2d
sim-722,sim-722,False,duo,24,16,24,16,8,1d_b,2d,2d,2d,2d
sim-197,sim-197,False,duo,24,16,24,16,8,1d_b,1d_a,1d,2d,2d
sim-592,sim-592,False,duo,24,20,24,20,4,1d_b,2d,2d,2d,2d
sim-371,sim-371,False,duo,8,16,8,16,-8,1d_b,1d_a,1d,neither,neither
sim-883,sim-883,False,duo,16,17,16,17,-1,1d_b,1d_b,1d,1d_b,1d
sim-907,sim-907,False,duo,17,16,17,16,1,1d_b,1d_b,1d,1d_b,1d
sim-634,sim-634,False,duo,16,16,16,16,0,1d_b,1d_b,1d,1d_b,1d
sim-644,sim-644,False,duo,24,24,24,24,0,1d_b,2d,2d,2d,2d
sim-850,sim-850,False,duo,16,16,16,16,0,1d_b,1d_b,1d,1d_b,1d
sim-301,sim-301,False,duo,24,-4,24,-4,28,1d_b,neither,neither,2d,2d
sim-566,sim-566,False,duo,24,20,24,20,4,1d_b,2d,2d,2d,2d
sim-081,sim-081,False,duo,24,20,24,20,4,1d_b,2d,2d,2d,2d
sim-388,sim-388,False,duo,24,20,24,20,4,1d_b,neither,neither,2d,2d
sim-128,sim-128,False,duo,24,24,24,24,0,1d_b,2d,2d,2d,2d
sim-550,sim-550,False,duo,24,16,24,16,8,1d_b,1d_a,1d,2d,2d
sim-471,sim-471,False,duo,24,16,24,16,8,1d_b,1d_a,1d,2d,2d
sim-748,sim-748,False,duo,24,16,24,16,8,1d_b,1d_a,1d,2d,2d
sim-045,sim-045,False,duo,16,16,16,16,0,1d_b,1d_b,1d,1d_b,1d
sim-827,sim-827,False,duo,24,24,24,24,0,1d_b,2d,2d,2d,2d
sim-271,sim-271,False,duo,24,24,24,24,0,1d_b,2d,2d,2d,2d
sim-619,sim-619,False,duo,16,16,16,16,0,1d_b,1d_b,1d,1d_b,1d
sim-353,sim-353,False,duo,24,24,24,24,0,1d_b,2d,2d,2d,2d
sim-868,sim-868,False,duo,24,24,24,24,0,1d_b,2d,2d,2d,2d
sim-368,sim-368,False,duo,24,4,24,4,20,1d_b,neither,neither,2d,2d
sim-100,sim-100,False,duo,12,17,12,17,-5,1d_b,1d_a,1d,neither,neither
sim-390,sim-390,False,duo,24,18,24,18,6,1d_b,1d_a,1d,2d,2d
sim-095,sim-095,False,duo,24,0,24,0,24,1d_b,neither,neither,2d,2d
sim-991,sim-991,False,duo,24,16,24,16,8,1d_b,1d_b,1d,2d,2d
sim-345,sim-345,False,duo,24,16,24,16,8,1d_b,2d,2d,2d,2d
sim-782,sim-782,False,duo,24,24,24,24,0,1d_b,2d,2d,2d,2d
sim-221,sim-221,False,duo,16,16,16,16,0,1d_b,1d_b,1d,1d_b,1d
sim-160,sim-160,False,duo,16,16,16,16,0,1d_b,1d_b,1d,1d_b,1d
sim-965,sim-965,False,duo,24,16,24,16,8,1d_b,1d_a,1d,2d,2d
sim-349,sim-349,False,duo,16,5,16,5,11,1d_b,neither,neither,1d_b,1d
sim-984,sim-984,False,duo,24,24,24,24,0,1d_b,2d,2d,2d,2d
sim-715,sim-715,False,duo,24,16,24,16,8,1d_b,1d_a,1d,2d,2d
sim-164,sim-164,False,duo,16,16,16,16,0,1d_b,1d_a,1d,2d,2d
sim-826,sim-826,False,duo,16,17,16,17,-1,1d_b,1d_b,1d,1d_b,1d
sim-778,sim-778,False,duo,24,16,24,16,8,1d_b,1d_a,1d,2d,2d
sim-007,sim-007,False,duo,24,24,24,24,0,1d_b,2d,2d,2d,2d
sim-891,sim-891,False,duo,16,16,16,16,0,1d_b,1d_b,1d,1d_b,1d
sim-829,sim-829,False,duo,16,16,16,16,0,1d_b,1d_b,1d,1d_b,1d
sim-285,sim-285,False,duo,24,24,24,24,0,1d_b,2d,2d,2d,2d
sim-604,sim-604,False,duo,17,16,17,16,1,1d_b,1d_b,1d,1d_b,1d
sim-460,sim-460,False,duo,24,24,24,24,0,1d_b,2d,2d,2d,2d
sim-226,sim-226,False,duo,24,4,24,4,20,1d_b,neither,neither,2d,2d
sim-430,sim-430,False,duo,24,0,24,0,24,1d_b,neither,neither,2d,2d
sim-987,sim-987,False,duo,16,16,16,16,0,1d_b,1d_b,1d,1d_b,1d
sim-719,sim-719,False,duo,24,17,24,17,7,1d_b,1d_a,1d,2d,2d
sim-666,sim-666,False,duo,24,-8,24,-8,32,1d_b,neither,neither,2d,2d
sim-734,sim-734,False,duo,24,16,24,16,8,1d_b,1d_a,1d,2d,2d
sim-204,sim-204,False,duo,24,16,24,16,8,1d_b,1d_a,1d,2d,2d
sim-575,sim-575,False,duo,24,16,24,16,8,1d_b,1d_a,1d,2d,2d
sim-028,sim-028,False,duo,-4,16,-4,16,-20,1d_b,1d_b,1d,neither,neither
sim-617,sim-617,False,duo,16,16,16,16,0,1d_b,1d_b,1d,1d_b,1d
sim-518,sim-518,False,duo,12,18,12,18,-6,1d_b,1d_b,1d,1d_b,1d
sim-239,sim-239,False,duo,16,16,16,16,0,1d_b,1d_b,1d,1d_b,1d
sim-224,sim-224,False,duo,24,16,24,16,8,1d_b,1d_a,1d,2d,2d
sim-096,sim-096,False,duo,16,16,16,16,0,1d_b,1d_b,1d,1d_b,1d
sim-031,sim-031,False,duo,16,18,16,18,-2,1d_b,1d_b,1d,1d_b,1d
sim-033,sim-033,False,duo,16,16,16,16,0,1d_b,1d_b,1d,1d_b,1d
sim-433,sim-433,False,duo,20,16,20,16,4,1d_b,1d_a,1d,2d,2d
sim-605,sim-605,False,duo,24,23,24,23,1,1d_b,2d,2d,2d,2d
sim-090,sim-090,False,duo,24,24,24,24,0,1d_b,2d,2d,2d,2d
sim-559,sim-559,False,duo,16,16,16,16,0,1d_b,1d_b,1d,1d_b,1d
sim-914,sim-914,False,duo,24,16,24,16,8,1d_b,1d_a,1d,2d,2d
sim-759,sim-759,False,duo,24,16,24,16,8,1d_b,1d_a,1d,2d,2d
sim-693,sim-693,False,duo,24,16,24,16,8,1d_b,1d_a,1d,2d,2d
sim-105,sim-105,False,duo,24,24,24,24,0,1d_b,2d,2d,2d,2d
sim-755,sim-755,False,duo,24,16,24,16,8,1d_b,1d_a,1d,2d,2d
sim-143,sim-143,False,duo,16,16,16,16,0,1d_b,1d_b,1d,1d_b,1d
sim-229,sim-229,False,duo,24,17,24,17,7,1d_b,1d_a,1d,2d,2d
sim-251,sim-251,False,duo,16,16,16,16,0,1d_b,1d_b,1d,1d_b,1d
sim-282,sim-282,False,duo,16,17,16,17,-1,1d_b,1d_b,1d,1d_b,1d
sim-760,sim-760,False,duo,24,16,24,16,8,1d_b,1d_a,1d,2d,2d
sim-026,sim-026,False,duo,24,16,24,16,8,1d_b,1d_b,1d,2d,2d
sim-115,sim-115,False,duo,16,16,16,16,0,1d_b,1d_b,1d,1d_b,1d
sim-655,sim-655,False,duo,24,16,24,16,8,1d_b,1d_b,1d,2d,2d
